HLA-A01:01,13.177
HLA-A01:02,0.057
HLA-A01:03,0.059
HLA-A01:04,0.002
HLA-A01:06,0.007
HLA-A01:07,0.008
HLA-A01:08,0
HLA-A01:09,0
HLA-A01:10,0.007
HLA-A01:100,0
HLA-A01:101,0
HLA-A01:102,0
HLA-A01:103,0
HLA-A01:104,0
HLA-A01:105,0
HLA-A01:106,0.002
HLA-A01:107,0
HLA-A01:108,0
HLA-A01:109,0.002
HLA-A01:110,0
HLA-A01:111,0
HLA-A01:112,0
HLA-A01:113,0
HLA-A01:114,0
HLA-A01:115,0
HLA-A01:116,0
HLA-A01:117,0
HLA-A01:118,0
HLA-A01:119,0
HLA-A01:12,0.002
HLA-A01:120,0
HLA-A01:121,0
HLA-A01:122,0
HLA-A01:124,0
HLA-A01:125,0
HLA-A01:126,0
HLA-A01:127,0
HLA-A01:128,0
HLA-A01:129,0
HLA-A01:13,0
HLA-A01:130,0
HLA-A01:131,0
HLA-A01:132,0
HLA-A01:133,0
HLA-A01:134,0
HLA-A01:135,0
HLA-A01:136,0.05
HLA-A01:137,0
HLA-A01:138,0
HLA-A01:139,0
HLA-A01:14,0
HLA-A01:140,0
HLA-A01:141,0
HLA-A01:142,0
HLA-A01:143,0
HLA-A01:144,0
HLA-A01:145,0
HLA-A01:146,0
HLA-A01:148,0
HLA-A01:149,0
HLA-A01:150,0
HLA-A01:151,0
HLA-A01:152,0
HLA-A01:153,0
HLA-A01:154,0
HLA-A01:155,0
HLA-A01:156,0
HLA-A01:157,0
HLA-A01:158,0
HLA-A01:159,0
HLA-A01:161,0
HLA-A01:163,0
HLA-A01:164,0
HLA-A01:165,0
HLA-A01:166,0
HLA-A01:167,0
HLA-A01:168,0
HLA-A01:169,0
HLA-A01:17,0.012
HLA-A01:170,0
HLA-A01:171,0
HLA-A01:172,0
HLA-A01:173,0
HLA-A01:174,0
HLA-A01:175,0
HLA-A01:176,0
HLA-A01:177,0
HLA-A01:180,0
HLA-A01:181,0
HLA-A01:182,0
HLA-A01:183,0
HLA-A01:184,0
HLA-A01:185,0
HLA-A01:187,0
HLA-A01:188,0
HLA-A01:189,0
HLA-A01:19,0
HLA-A01:190,0
HLA-A01:191,0
HLA-A01:192,0
HLA-A01:193,0
HLA-A01:194,0
HLA-A01:195,0
HLA-A01:196,0
HLA-A01:197,0
HLA-A01:198,0
HLA-A01:199,0
HLA-A01:20,0
HLA-A01:200,0
HLA-A01:201,0
HLA-A01:202,0
HLA-A01:203,0
HLA-A01:204,0
HLA-A01:205,0
HLA-A01:206,0
HLA-A01:207,0
HLA-A01:209,0
HLA-A01:21,0
HLA-A01:210,0
HLA-A01:211,0
HLA-A01:212,0
HLA-A01:213,0
HLA-A01:214,0
HLA-A01:215,0
HLA-A01:216,0
HLA-A01:217,0
HLA-A01:218,0
HLA-A01:219,0
HLA-A01:220,0
HLA-A01:221,0
HLA-A01:222,0
HLA-A01:223,0
HLA-A01:224,0
HLA-A01:225,0
HLA-A01:226,0
HLA-A01:227,0
HLA-A01:229,0
HLA-A01:23,0
HLA-A01:230,0
HLA-A01:231,0
HLA-A01:232,0
HLA-A01:233,0
HLA-A01:234,0
HLA-A01:235,0
HLA-A01:236,0
HLA-A01:237,0
HLA-A01:238,0
HLA-A01:239,0
HLA-A01:24,0
HLA-A01:241,0
HLA-A01:242,0
HLA-A01:243,0
HLA-A01:244,0
HLA-A01:245,0
HLA-A01:246,0
HLA-A01:249,0
HLA-A01:25,0
HLA-A01:251,0
HLA-A01:252,0
HLA-A01:253,0
HLA-A01:254,0
HLA-A01:255,0
HLA-A01:256,0
HLA-A01:257,0
HLA-A01:259,0
HLA-A01:26,0
HLA-A01:260,0
HLA-A01:261,0
HLA-A01:262,0
HLA-A01:263,0
HLA-A01:264,0
HLA-A01:265,0
HLA-A01:266,0
HLA-A01:267,0
HLA-A01:268,0
HLA-A01:270,0
HLA-A01:271,0
HLA-A01:272,0
HLA-A01:273,0
HLA-A01:274,0
HLA-A01:275,0
HLA-A01:276,0
HLA-A01:277,0
HLA-A01:278,0
HLA-A01:279,0
HLA-A01:28,0.001
HLA-A01:280,0
HLA-A01:281,0
HLA-A01:282,0
HLA-A01:283,0
HLA-A01:284,0
HLA-A01:286,0
HLA-A01:288,0
HLA-A01:289,0
HLA-A01:29,0
HLA-A01:291,0
HLA-A01:292,0
HLA-A01:294,0
HLA-A01:295,0
HLA-A01:296,0
HLA-A01:297,0
HLA-A01:30,0.001
HLA-A01:32,0
HLA-A01:33,0
HLA-A01:35,0
HLA-A01:36,0.326
HLA-A01:37,0.01
HLA-A01:38,0
HLA-A01:39,0
HLA-A01:40,0.001
HLA-A01:41,0
HLA-A01:42,0
HLA-A01:43,0
HLA-A01:44,0
HLA-A01:45,0
HLA-A01:46,0
HLA-A01:47,0
HLA-A01:48,0
HLA-A01:49,0
HLA-A01:50,0
HLA-A01:51,0
HLA-A01:54,0
HLA-A01:55,0
HLA-A01:58,0
HLA-A01:59,0
HLA-A01:60,0
HLA-A01:61,0
HLA-A01:62,0
HLA-A01:63,0
HLA-A01:64,0
HLA-A01:65,0
HLA-A01:66,0
HLA-A01:67,0
HLA-A01:68,0
HLA-A01:69,0
HLA-A01:70,0
HLA-A01:71,0
HLA-A01:72,0
HLA-A01:73,0
HLA-A01:74,0
HLA-A01:75,0
HLA-A01:76,0
HLA-A01:77,0
HLA-A01:78,0
HLA-A01:79,0
HLA-A01:80,0
HLA-A01:81,0
HLA-A01:82,0
HLA-A01:83,0
HLA-A01:84,0
HLA-A01:85,0.002
HLA-A01:86,0
HLA-A01:88,0
HLA-A01:89,0
HLA-A01:90,0
HLA-A01:91,0.002
HLA-A01:92,0
HLA-A01:93,0
HLA-A01:94,0
HLA-A01:95,0
HLA-A01:96,0
HLA-A01:97,0
HLA-A01:98,0
HLA-A01:99,0
HLA-A02:01,24.054
HLA-A02:02,0.576
HLA-A02:03,0.327
HLA-A02:04,0.03
HLA-A02:05,0.884
HLA-A02:06,0.769
HLA-A02:07,0.401
HLA-A02:08,0.014
HLA-A02:09,0.07
HLA-A02:10,0.013
HLA-A02:101,0
HLA-A02:102,0
HLA-A02:103,0
HLA-A02:104,0.01
HLA-A02:105,0
HLA-A02:106,0
HLA-A02:107,0
HLA-A02:108,0
HLA-A02:109,0
HLA-A02:11,0.209
HLA-A02:110,0.002
HLA-A02:111,0
HLA-A02:112,0
HLA-A02:114,0
HLA-A02:115,0.002
HLA-A02:116,0
HLA-A02:117,0
HLA-A02:118,0
HLA-A02:119,0
HLA-A02:12,0.003
HLA-A02:120,0
HLA-A02:121,0
HLA-A02:122,0
HLA-A02:123,0.001
HLA-A02:124,0
HLA-A02:126,0
HLA-A02:127,0
HLA-A02:128,0
HLA-A02:129,0.001
HLA-A02:13,0.004
HLA-A02:130,0
HLA-A02:131,0.193
HLA-A02:132,0
HLA-A02:133,0.001
HLA-A02:134,0
HLA-A02:135,0
HLA-A02:136,0.001
HLA-A02:137,0.001
HLA-A02:138,0
HLA-A02:139,0
HLA-A02:14,0.001
HLA-A02:140,0
HLA-A02:141,0.01
HLA-A02:142,0.002
HLA-A02:143,0
HLA-A02:144,0
HLA-A02:145,0
HLA-A02:146,0.01
HLA-A02:147,0.001
HLA-A02:148,0.003
HLA-A02:149,0
HLA-A02:150,0
HLA-A02:151,0.002
HLA-A02:152,0
HLA-A02:153,0
HLA-A02:154,0
HLA-A02:155,0
HLA-A02:156,0
HLA-A02:157,0
HLA-A02:158,0.002
HLA-A02:159,0
HLA-A02:16,0.017
HLA-A02:160,0
HLA-A02:161,0
HLA-A02:162,0
HLA-A02:163,0
HLA-A02:164,0
HLA-A02:165,0
HLA-A02:166,0
HLA-A02:167,0
HLA-A02:168,0
HLA-A02:169,0
HLA-A02:17,0.135
HLA-A02:170,0
HLA-A02:171,0.001
HLA-A02:172,0
HLA-A02:173,0
HLA-A02:174,0
HLA-A02:175,0
HLA-A02:176,0
HLA-A02:177,0.001
HLA-A02:178,0
HLA-A02:179,0
HLA-A02:18,0.081
HLA-A02:180,0
HLA-A02:181,0
HLA-A02:182,0
HLA-A02:183,0.001
HLA-A02:184,0
HLA-A02:185,0
HLA-A02:186,0
HLA-A02:187,0
HLA-A02:188,0.001
HLA-A02:189,0
HLA-A02:19,0.002
HLA-A02:190,0
HLA-A02:191,0.002
HLA-A02:192,0
HLA-A02:193,0.003
HLA-A02:194,0.002
HLA-A02:195,0
HLA-A02:196,0
HLA-A02:197,0
HLA-A02:198,0
HLA-A02:199,0
HLA-A02:20,0.019
HLA-A02:200,0
HLA-A02:201,0
HLA-A02:202,0
HLA-A02:203,0
HLA-A02:204,0
HLA-A02:205,0
HLA-A02:206,0
HLA-A02:207,0
HLA-A02:208,0
HLA-A02:209,0.001
HLA-A02:21,0
HLA-A02:210,0
HLA-A02:211,0
HLA-A02:212,0
HLA-A02:213,0
HLA-A02:214,0
HLA-A02:215,0
HLA-A02:216,0
HLA-A02:217,0
HLA-A02:218,0
HLA-A02:219,0
HLA-A02:22,0.038
HLA-A02:220,0
HLA-A02:221,0
HLA-A02:224,0
HLA-A02:228,0
HLA-A02:229,0.32
HLA-A02:230,0.003
HLA-A02:231,0
HLA-A02:232,0
HLA-A02:233,0
HLA-A02:234,0
HLA-A02:235,0
HLA-A02:236,0
HLA-A02:237,0
HLA-A02:238,0
HLA-A02:239,0
HLA-A02:24,0.003
HLA-A02:240,2.721
HLA-A02:241,0
HLA-A02:242,0
HLA-A02:243,0
HLA-A02:244,0
HLA-A02:245,0.001
HLA-A02:246,0
HLA-A02:247,0
HLA-A02:248,0
HLA-A02:249,0
HLA-A02:25,0
HLA-A02:251,0.001
HLA-A02:252,0
HLA-A02:253,0
HLA-A02:254,0
HLA-A02:255,0
HLA-A02:256,0
HLA-A02:257,0
HLA-A02:258,0
HLA-A02:259,0
HLA-A02:26,0.001
HLA-A02:260,0
HLA-A02:261,0
HLA-A02:262,0
HLA-A02:263,0
HLA-A02:264,0.032
HLA-A02:265,0
HLA-A02:266,0
HLA-A02:267,0.002
HLA-A02:268,0.001
HLA-A02:269,0
HLA-A02:27,0.011
HLA-A02:270,0.001
HLA-A02:271,0
HLA-A02:272,0.001
HLA-A02:273,0.001
HLA-A02:274,0.001
HLA-A02:275,0
HLA-A02:276,0
HLA-A02:277,0
HLA-A02:278,0
HLA-A02:279,0.001
HLA-A02:28,0.004
HLA-A02:280,0.001
HLA-A02:281,0.036
HLA-A02:282,0.001
HLA-A02:283,0
HLA-A02:285,0
HLA-A02:286,0
HLA-A02:287,0
HLA-A02:288,0
HLA-A02:289,0
HLA-A02:29,0.005
HLA-A02:290,0
HLA-A02:291,0
HLA-A02:292,0
HLA-A02:294,0
HLA-A02:295,0
HLA-A02:296,0
HLA-A02:297,0
HLA-A02:298,0
HLA-A02:299,0.002
HLA-A02:30,0.035
HLA-A02:300,0
HLA-A02:302,0.01
HLA-A02:303,0.002
HLA-A02:304,0
HLA-A02:306,0
HLA-A02:307,0
HLA-A02:308,0
HLA-A02:309,0
HLA-A02:31,0
HLA-A02:310,0
HLA-A02:311,0
HLA-A02:312,0
HLA-A02:313,0
HLA-A02:315,0
HLA-A02:316,0
HLA-A02:317,0
HLA-A02:318,0
HLA-A02:319,0
HLA-A02:320,0
HLA-A02:322,0
HLA-A02:323,0
HLA-A02:324,0
HLA-A02:325,0
HLA-A02:326,0
HLA-A02:327,0
HLA-A02:328,0
HLA-A02:329,0
HLA-A02:33,0.001
HLA-A02:330,0
HLA-A02:331,0
HLA-A02:332,0
HLA-A02:333,0
HLA-A02:334,0
HLA-A02:335,0
HLA-A02:336,0
HLA-A02:337,0
HLA-A02:338,0
HLA-A02:339,0
HLA-A02:34,0
HLA-A02:340,0
HLA-A02:341,0
HLA-A02:342,0
HLA-A02:343,0
HLA-A02:344,0
HLA-A02:345,0
HLA-A02:346,0
HLA-A02:347,0
HLA-A02:348,0
HLA-A02:349,0
HLA-A02:35,0.012
HLA-A02:351,0
HLA-A02:352,0
HLA-A02:353,0
HLA-A02:354,0
HLA-A02:355,0
HLA-A02:357,0
HLA-A02:358,0
HLA-A02:359,0
HLA-A02:36,0.001
HLA-A02:360,0
HLA-A02:361,0
HLA-A02:362,0
HLA-A02:363,0
HLA-A02:364,0
HLA-A02:365,0
HLA-A02:367,0
HLA-A02:368,0
HLA-A02:369,0
HLA-A02:37,0
HLA-A02:370,0
HLA-A02:371,0
HLA-A02:372,0
HLA-A02:374,0
HLA-A02:375,0
HLA-A02:376,0
HLA-A02:377,0
HLA-A02:378,0
HLA-A02:379,0
HLA-A02:38,0.002
HLA-A02:380,0
HLA-A02:381,0
HLA-A02:382,0
HLA-A02:383,0
HLA-A02:384,0
HLA-A02:385,0
HLA-A02:386,0
HLA-A02:387,0
HLA-A02:388,0
HLA-A02:389,0
HLA-A02:39,0.006
HLA-A02:390,0
HLA-A02:391,0
HLA-A02:392,0.004
HLA-A02:393,0
HLA-A02:394,0.01
HLA-A02:396,0
HLA-A02:397,0
HLA-A02:398,0
HLA-A02:399,0
HLA-A02:40,0
HLA-A02:400,0
HLA-A02:401,0
HLA-A02:402,0
HLA-A02:403,0
HLA-A02:404,0
HLA-A02:405,0
HLA-A02:406,0.016
HLA-A02:407,0
HLA-A02:408,0
HLA-A02:409,0
HLA-A02:41,0
HLA-A02:410,0
HLA-A02:411,0
HLA-A02:412,0
HLA-A02:413,0
HLA-A02:414,0
HLA-A02:415,0
HLA-A02:416,0
HLA-A02:417,0
HLA-A02:418,0
HLA-A02:419,0
HLA-A02:42,0.001
HLA-A02:420,0
HLA-A02:421,0
HLA-A02:422,0
HLA-A02:423,0
HLA-A02:424,0
HLA-A02:425,0
HLA-A02:426,0
HLA-A02:427,0
HLA-A02:428,0
HLA-A02:429,0
HLA-A02:430,0
HLA-A02:431,0
HLA-A02:432,0
HLA-A02:433,0.024
HLA-A02:434,0.012
HLA-A02:435,0
HLA-A02:436,0
HLA-A02:437,0
HLA-A02:438,0
HLA-A02:44,0.004
HLA-A02:441,0
HLA-A02:442,0
HLA-A02:443,0
HLA-A02:444,0
HLA-A02:445,0
HLA-A02:446,0
HLA-A02:447,0
HLA-A02:448,0.5
HLA-A02:449,0
HLA-A02:45,0
HLA-A02:450,0
HLA-A02:451,0
HLA-A02:452,0
HLA-A02:453,0
HLA-A02:454,0
HLA-A02:455,0
HLA-A02:456,0
HLA-A02:457,0
HLA-A02:458,0
HLA-A02:459,0
HLA-A02:46,0
HLA-A02:460,0
HLA-A02:461,0
HLA-A02:462,0
HLA-A02:463,0
HLA-A02:464,0
HLA-A02:465,0
HLA-A02:466,0
HLA-A02:467,0
HLA-A02:469,0
HLA-A02:47,0.001
HLA-A02:470,0
HLA-A02:471,0
HLA-A02:472,0
HLA-A02:473,0
HLA-A02:474,0
HLA-A02:475,0
HLA-A02:477,0
HLA-A02:478,0
HLA-A02:479,0
HLA-A02:48,0.005
HLA-A02:480,0
HLA-A02:481,0
HLA-A02:482,0
HLA-A02:483,0
HLA-A02:484,0
HLA-A02:485,0
HLA-A02:486,0
HLA-A02:487,0
HLA-A02:488,0
HLA-A02:489,0
HLA-A02:49,0.001
HLA-A02:491,0
HLA-A02:492,0
HLA-A02:493,0
HLA-A02:494,0
HLA-A02:495,0
HLA-A02:496,0
HLA-A02:497,0
HLA-A02:498,0
HLA-A02:499,0
HLA-A02:50,0.191
HLA-A02:502,0
HLA-A02:503,0
HLA-A02:504,0
HLA-A02:505,0
HLA-A02:507,0
HLA-A02:508,0
HLA-A02:509,0
HLA-A02:51,0.001
HLA-A02:510,0
HLA-A02:511,0
HLA-A02:512,0
HLA-A02:513,0
HLA-A02:515,0
HLA-A02:517,0
HLA-A02:518,0
HLA-A02:519,0
HLA-A02:52,0.001
HLA-A02:520,0
HLA-A02:521,0
HLA-A02:522,0
HLA-A02:523,0
HLA-A02:524,0
HLA-A02:526,0
HLA-A02:527,0
HLA-A02:528,0
HLA-A02:529,0
HLA-A02:530,0
HLA-A02:531,0
HLA-A02:532,0
HLA-A02:533,0
HLA-A02:534,0
HLA-A02:535,0
HLA-A02:536,0
HLA-A02:537,0
HLA-A02:538,0
HLA-A02:539,0
HLA-A02:54,0.001
HLA-A02:541,0
HLA-A02:542,0
HLA-A02:543,0
HLA-A02:544,0
HLA-A02:545,0
HLA-A02:546,0
HLA-A02:547,0
HLA-A02:548,0.016
HLA-A02:549,0
HLA-A02:55,0
HLA-A02:550,0
HLA-A02:551,0
HLA-A02:552,0
HLA-A02:553,0
HLA-A02:554,0
HLA-A02:555,0
HLA-A02:556,0
HLA-A02:557,0
HLA-A02:558,0
HLA-A02:559,0
HLA-A02:56,0.001
HLA-A02:560,0
HLA-A02:561,0
HLA-A02:562,0
HLA-A02:563,0
HLA-A02:564,0
HLA-A02:565,0
HLA-A02:566,0
HLA-A02:567,0
HLA-A02:568,0
HLA-A02:569,0
HLA-A02:57,0.001
HLA-A02:570,0
HLA-A02:571,0
HLA-A02:572,0
HLA-A02:573,0
HLA-A02:574,0
HLA-A02:575,0
HLA-A02:576,0
HLA-A02:577,0
HLA-A02:578,0
HLA-A02:579,0
HLA-A02:58,0.002
HLA-A02:580,0
HLA-A02:581,0
HLA-A02:582,0
HLA-A02:583,0
HLA-A02:584,0
HLA-A02:585,0
HLA-A02:586,0
HLA-A02:587,0
HLA-A02:588,0
HLA-A02:589,0
HLA-A02:59,0
HLA-A02:590,0
HLA-A02:591,0
HLA-A02:592,0
HLA-A02:593,0
HLA-A02:594,0
HLA-A02:595,0
HLA-A02:596,0
HLA-A02:597,0
HLA-A02:598,0
HLA-A02:599,0
HLA-A02:60,0.005
HLA-A02:600,0
HLA-A02:601,0
HLA-A02:602,0
HLA-A02:603,0
HLA-A02:604,0
HLA-A02:606,0
HLA-A02:607,0
HLA-A02:609,0
HLA-A02:61,0.004
HLA-A02:610,0
HLA-A02:611,0
HLA-A02:612,0
HLA-A02:613,0
HLA-A02:614,0.002
HLA-A02:615,0
HLA-A02:616,0
HLA-A02:617,0
HLA-A02:619,0
HLA-A02:62,0
HLA-A02:620,0
HLA-A02:621,0
HLA-A02:623,0
HLA-A02:624,0
HLA-A02:625,0
HLA-A02:626,0
HLA-A02:627,0
HLA-A02:628,0
HLA-A02:629,0.004
HLA-A02:63,0
HLA-A02:630,0
HLA-A02:631,0
HLA-A02:632,0
HLA-A02:633,0
HLA-A02:634,0
HLA-A02:635,0
HLA-A02:636,0
HLA-A02:637,0
HLA-A02:638,0
HLA-A02:639,0
HLA-A02:64,0.001
HLA-A02:640,0
HLA-A02:641,0
HLA-A02:642,0.35
HLA-A02:644,0
HLA-A02:645,0
HLA-A02:646,0
HLA-A02:647,0
HLA-A02:648,0
HLA-A02:649,0
HLA-A02:65,0
HLA-A02:650,0
HLA-A02:651,0
HLA-A02:652,0
HLA-A02:653,0
HLA-A02:654,0
HLA-A02:655,0
HLA-A02:656,0
HLA-A02:657,0
HLA-A02:658,0
HLA-A02:659,0
HLA-A02:66,0
HLA-A02:660,0
HLA-A02:661,0
HLA-A02:662,0
HLA-A02:663,0
HLA-A02:664,0
HLA-A02:665,0
HLA-A02:666,0
HLA-A02:667,0
HLA-A02:668,0
HLA-A02:669,0.016
HLA-A02:67,0.001
HLA-A02:670,0
HLA-A02:671,0
HLA-A02:673,0
HLA-A02:674,0
HLA-A02:676,0
HLA-A02:677,0
HLA-A02:678,0
HLA-A02:679,0
HLA-A02:68,0
HLA-A02:680,0.016
HLA-A02:681,0
HLA-A02:682,0
HLA-A02:683,0
HLA-A02:684,0
HLA-A02:685,0
HLA-A02:686,0.002
HLA-A02:687,0
HLA-A02:688,0
HLA-A02:689,0
HLA-A02:69,0
HLA-A02:690,0
HLA-A02:692,0
HLA-A02:693,0
HLA-A02:694,0
HLA-A02:695,0
HLA-A02:697,0
HLA-A02:698,0
HLA-A02:699,0
HLA-A02:70,0
HLA-A02:700,0
HLA-A02:701,0
HLA-A02:702,0
HLA-A02:703,0
HLA-A02:704,0
HLA-A02:705,0
HLA-A02:706,0
HLA-A02:707,0
HLA-A02:708,0
HLA-A02:709,0
HLA-A02:71,0
HLA-A02:711,0
HLA-A02:712,0
HLA-A02:713,0
HLA-A02:714,0
HLA-A02:716,0
HLA-A02:717,0
HLA-A02:718,0
HLA-A02:719,0
HLA-A02:72,0
HLA-A02:720,0
HLA-A02:721,0
HLA-A02:722,0
HLA-A02:723,0
HLA-A02:724,0
HLA-A02:725,0
HLA-A02:726,0
HLA-A02:727,0
HLA-A02:728,0
HLA-A02:729,0
HLA-A02:73,0.001
HLA-A02:730,0
HLA-A02:731,0
HLA-A02:732,0
HLA-A02:733,0
HLA-A02:734,0
HLA-A02:735,0
HLA-A02:736,0
HLA-A02:737,0
HLA-A02:738,0
HLA-A02:739,0
HLA-A02:74,0
HLA-A02:740,0
HLA-A02:741,0
HLA-A02:742,0
HLA-A02:743,0
HLA-A02:744,0
HLA-A02:745,0
HLA-A02:746,0
HLA-A02:747,0
HLA-A02:749,0
HLA-A02:75,0
HLA-A02:750,0
HLA-A02:751,0
HLA-A02:752,0
HLA-A02:753,0
HLA-A02:754,0
HLA-A02:755,0
HLA-A02:756,0
HLA-A02:757,0
HLA-A02:758,0
HLA-A02:759,0
HLA-A02:76,0.004
HLA-A02:761,0
HLA-A02:762,0
HLA-A02:763,0
HLA-A02:764,0
HLA-A02:765,0
HLA-A02:766,0
HLA-A02:767,0
HLA-A02:768,0
HLA-A02:769,0
HLA-A02:77,0
HLA-A02:770,0
HLA-A02:771,0
HLA-A02:772,0
HLA-A02:774,0
HLA-A02:776,0
HLA-A02:777,0
HLA-A02:778,0
HLA-A02:779,0
HLA-A02:78,0.05
HLA-A02:780,0
HLA-A02:781,0
HLA-A02:782,0
HLA-A02:783,0
HLA-A02:784,0
HLA-A02:785,0
HLA-A02:786,0
HLA-A02:787,0
HLA-A02:79,0.002
HLA-A02:790,0
HLA-A02:794,0
HLA-A02:795,0
HLA-A02:798,0
HLA-A02:799,0
HLA-A02:80,0
HLA-A02:800,0
HLA-A02:801,0
HLA-A02:802,0
HLA-A02:804,0
HLA-A02:808,0
HLA-A02:809,0
HLA-A02:81,0
HLA-A02:810,0
HLA-A02:811,0
HLA-A02:812,0
HLA-A02:813,0
HLA-A02:814,0
HLA-A02:815,0
HLA-A02:816,0
HLA-A02:817,0
HLA-A02:818,0
HLA-A02:819,0
HLA-A02:820,0
HLA-A02:821,0
HLA-A02:822,0
HLA-A02:823,0
HLA-A02:824,0
HLA-A02:825,0
HLA-A02:84,0.001
HLA-A02:85,0.001
HLA-A02:86,0
HLA-A02:87,0
HLA-A02:89,0
HLA-A02:90,0
HLA-A02:91,0
HLA-A02:92,0
HLA-A02:93,0
HLA-A02:95,0
HLA-A02:96,0.001
HLA-A02:97,0
HLA-A02:99,0
HLA-A03:01,12.252
HLA-A03:02,0.46
HLA-A03:04,0.002
HLA-A03:05,0.006
HLA-A03:06,0
HLA-A03:07,0.001
HLA-A03:08,0.001
HLA-A03:09,0
HLA-A03:10,0.001
HLA-A03:100,0
HLA-A03:101,0
HLA-A03:102,0
HLA-A03:103,0
HLA-A03:104,0
HLA-A03:105,0
HLA-A03:106,0
HLA-A03:107,0
HLA-A03:108,0.001
HLA-A03:109,0
HLA-A03:110,0
HLA-A03:111,0
HLA-A03:112,0
HLA-A03:113,0
HLA-A03:114,0.184
HLA-A03:115,0
HLA-A03:116,0
HLA-A03:117,0
HLA-A03:118,0
HLA-A03:119,0
HLA-A03:12,0
HLA-A03:120,0
HLA-A03:121,0
HLA-A03:122,0
HLA-A03:123,0.047
HLA-A03:124,0
HLA-A03:125,0
HLA-A03:126,0
HLA-A03:127,0
HLA-A03:128,0.01
HLA-A03:13,0
HLA-A03:130,0
HLA-A03:131,0
HLA-A03:132,0
HLA-A03:133,0
HLA-A03:134,0
HLA-A03:135,0
HLA-A03:136,0
HLA-A03:137,0
HLA-A03:138,0
HLA-A03:139,0
HLA-A03:14,0
HLA-A03:140,0.021
HLA-A03:141,0
HLA-A03:142,0
HLA-A03:143,0
HLA-A03:144,0
HLA-A03:145,0
HLA-A03:146,0
HLA-A03:147,0
HLA-A03:148,0
HLA-A03:149,0
HLA-A03:15,0.001
HLA-A03:150,0
HLA-A03:151,0
HLA-A03:152,0
HLA-A03:153,0
HLA-A03:154,0
HLA-A03:155,0
HLA-A03:156,0
HLA-A03:157,0
HLA-A03:158,0
HLA-A03:159,0
HLA-A03:16,0
HLA-A03:160,0
HLA-A03:163,0
HLA-A03:164,0
HLA-A03:165,0
HLA-A03:166,0
HLA-A03:167,0
HLA-A03:169,0
HLA-A03:17,0
HLA-A03:170,0
HLA-A03:171,0
HLA-A03:172,0
HLA-A03:173,0
HLA-A03:174,0
HLA-A03:175,0
HLA-A03:176,0
HLA-A03:177,0
HLA-A03:179,0
HLA-A03:18,0
HLA-A03:180,0
HLA-A03:181,0
HLA-A03:182,0
HLA-A03:183,0
HLA-A03:184,0
HLA-A03:185,0
HLA-A03:186,0
HLA-A03:187,0
HLA-A03:188,0
HLA-A03:189,0
HLA-A03:19,0.012
HLA-A03:190,0
HLA-A03:191,0
HLA-A03:193,0
HLA-A03:195,0
HLA-A03:196,0
HLA-A03:198,0
HLA-A03:199,0
HLA-A03:20,0.041
HLA-A03:201,0
HLA-A03:202,0.004
HLA-A03:203,0
HLA-A03:204,0
HLA-A03:205,0
HLA-A03:206,0
HLA-A03:207,0
HLA-A03:208,0
HLA-A03:209,0
HLA-A03:210,0
HLA-A03:211,0
HLA-A03:212,0
HLA-A03:213,0
HLA-A03:214,0
HLA-A03:215,0
HLA-A03:216,0
HLA-A03:217,0
HLA-A03:218,0
HLA-A03:219,0
HLA-A03:22,0
HLA-A03:220,0
HLA-A03:221,0
HLA-A03:222,0
HLA-A03:223,0
HLA-A03:224,0.024
HLA-A03:225,0
HLA-A03:226,0
HLA-A03:227,0
HLA-A03:228,0
HLA-A03:229,0
HLA-A03:23,0
HLA-A03:230,0
HLA-A03:231,0
HLA-A03:232,0
HLA-A03:233,0
HLA-A03:235,0
HLA-A03:236,0
HLA-A03:237,0
HLA-A03:238,0
HLA-A03:239,0
HLA-A03:24,0.001
HLA-A03:240,0
HLA-A03:241,0
HLA-A03:242,0
HLA-A03:243,0
HLA-A03:244,0
HLA-A03:245,0
HLA-A03:246,0
HLA-A03:247,0
HLA-A03:248,0
HLA-A03:249,0
HLA-A03:25,0
HLA-A03:250,0
HLA-A03:251,0
HLA-A03:252,0
HLA-A03:253,0
HLA-A03:254,0
HLA-A03:255,0
HLA-A03:256,0
HLA-A03:257,0
HLA-A03:258,0
HLA-A03:259,0
HLA-A03:26,0.011
HLA-A03:260,0
HLA-A03:261,0
HLA-A03:263,0
HLA-A03:264,0
HLA-A03:265,0
HLA-A03:267,0
HLA-A03:268,0
HLA-A03:27,0.009
HLA-A03:270,0
HLA-A03:271,0
HLA-A03:272,0
HLA-A03:273,0
HLA-A03:274,0
HLA-A03:276,0
HLA-A03:277,0
HLA-A03:278,0
HLA-A03:28,0
HLA-A03:280,0
HLA-A03:281,0
HLA-A03:282,0
HLA-A03:285,0
HLA-A03:287,0
HLA-A03:288,0
HLA-A03:289,0
HLA-A03:29,0
HLA-A03:290,0
HLA-A03:291,0
HLA-A03:292,0
HLA-A03:293,0
HLA-A03:294,0
HLA-A03:295,0
HLA-A03:296,0
HLA-A03:298,0
HLA-A03:299,0
HLA-A03:30,0
HLA-A03:300,0
HLA-A03:301,0
HLA-A03:302,0
HLA-A03:303,0
HLA-A03:304,0
HLA-A03:305,0
HLA-A03:306,0
HLA-A03:307,0
HLA-A03:308,0
HLA-A03:309,0
HLA-A03:31,0
HLA-A03:310,0
HLA-A03:311,0
HLA-A03:312,0
HLA-A03:313,0
HLA-A03:314,0
HLA-A03:315,0
HLA-A03:316,0
HLA-A03:317,0
HLA-A03:318,0
HLA-A03:319,0
HLA-A03:32,0
HLA-A03:320,0
HLA-A03:321,0
HLA-A03:322,0
HLA-A03:324,0
HLA-A03:325,0
HLA-A03:326,0
HLA-A03:327,0
HLA-A03:328,0
HLA-A03:33,0.002
HLA-A03:331,0
HLA-A03:332,0
HLA-A03:333,0
HLA-A03:34,0.185
HLA-A03:35,0
HLA-A03:37,0
HLA-A03:38,0
HLA-A03:39,0
HLA-A03:40,0
HLA-A03:41,0
HLA-A03:42,0.009
HLA-A03:43,0
HLA-A03:44,0
HLA-A03:45,0
HLA-A03:46,0
HLA-A03:47,0
HLA-A03:48,0
HLA-A03:49,0
HLA-A03:50,0.001
HLA-A03:51,0
HLA-A03:52,0
HLA-A03:53,0
HLA-A03:54,0
HLA-A03:55,0
HLA-A03:56,0
HLA-A03:57,0
HLA-A03:58,0
HLA-A03:59,0
HLA-A03:60,0
HLA-A03:61,0
HLA-A03:62,0
HLA-A03:63,0
HLA-A03:64,0
HLA-A03:65,0
HLA-A03:66,0
HLA-A03:67,0
HLA-A03:70,0
HLA-A03:71,0
HLA-A03:72,0
HLA-A03:73,0
HLA-A03:74,0.001
HLA-A03:75,0
HLA-A03:76,0
HLA-A03:77,0
HLA-A03:78,0
HLA-A03:79,0
HLA-A03:80,0
HLA-A03:81,0
HLA-A03:82,0
HLA-A03:83,0
HLA-A03:84,0
HLA-A03:85,0
HLA-A03:86,0
HLA-A03:87,0
HLA-A03:88,0
HLA-A03:89,0
HLA-A03:90,0
HLA-A03:92,0
HLA-A03:93,0
HLA-A03:94,0
HLA-A03:95,0
HLA-A03:96,0
HLA-A03:97,0
HLA-A03:98,0
HLA-A03:99,0
HLA-A11:01,6.267
HLA-A11:02,0.127
HLA-A11:03,0.003
HLA-A11:04,0.006
HLA-A11:05,0.001
HLA-A11:06,0.001
HLA-A11:07,0
HLA-A11:08,0.001
HLA-A11:09,0.002
HLA-A11:10,0.72
HLA-A11:100,0
HLA-A11:101,0
HLA-A11:102,0
HLA-A11:103,0
HLA-A11:104,0
HLA-A11:105,0
HLA-A11:106,0
HLA-A11:107,0
HLA-A11:108,0
HLA-A11:11,0.002
HLA-A11:110,0
HLA-A11:111,0
HLA-A11:112,0
HLA-A11:113,0
HLA-A11:114,0
HLA-A11:116,0
HLA-A11:117,0
HLA-A11:118,0
HLA-A11:119,0
HLA-A11:12,0.003
HLA-A11:120,0
HLA-A11:121,0
HLA-A11:122,0.024
HLA-A11:123,0
HLA-A11:124,0
HLA-A11:125,0
HLA-A11:126,0.033
HLA-A11:128,0
HLA-A11:129,0
HLA-A11:13,0.012
HLA-A11:130,0
HLA-A11:131,0
HLA-A11:132,0
HLA-A11:133,0
HLA-A11:134,0
HLA-A11:135,0
HLA-A11:136,0
HLA-A11:138,0
HLA-A11:139,0
HLA-A11:14,0.001
HLA-A11:140,0.58
HLA-A11:141,0
HLA-A11:142,0
HLA-A11:143,0
HLA-A11:144,0
HLA-A11:145,0
HLA-A11:146,0
HLA-A11:147,0
HLA-A11:148,0
HLA-A11:149,0
HLA-A11:15,0
HLA-A11:150,0
HLA-A11:151,0
HLA-A11:152,0
HLA-A11:153,0
HLA-A11:154,0
HLA-A11:155,0
HLA-A11:156,0
HLA-A11:157,0
HLA-A11:158,0
HLA-A11:159,0
HLA-A11:16,0.001
HLA-A11:160,0
HLA-A11:161,0
HLA-A11:162,0
HLA-A11:163,0
HLA-A11:164,0
HLA-A11:165,0
HLA-A11:166,0
HLA-A11:167,0
HLA-A11:168,0
HLA-A11:169,0
HLA-A11:17,0
HLA-A11:171,0
HLA-A11:172,0
HLA-A11:173,0
HLA-A11:174,0
HLA-A11:175,0
HLA-A11:176,0
HLA-A11:177,0
HLA-A11:178,0
HLA-A11:179,0
HLA-A11:18,0
HLA-A11:181,0
HLA-A11:183,0
HLA-A11:184,0
HLA-A11:185,0
HLA-A11:186,0
HLA-A11:187,0
HLA-A11:188,0
HLA-A11:189,0
HLA-A11:19,0
HLA-A11:190,0
HLA-A11:191,0
HLA-A11:192,0
HLA-A11:193,0
HLA-A11:194,0
HLA-A11:195,0
HLA-A11:196,0
HLA-A11:197,0
HLA-A11:198,0
HLA-A11:199,0
HLA-A11:20,0.006
HLA-A11:200,0
HLA-A11:201,0
HLA-A11:202,0
HLA-A11:203,0
HLA-A11:204,0
HLA-A11:205,0
HLA-A11:206,0
HLA-A11:207,0
HLA-A11:209,0
HLA-A11:211,0
HLA-A11:212,0
HLA-A11:213,0
HLA-A11:214,0
HLA-A11:216,0
HLA-A11:217,0
HLA-A11:218,0
HLA-A11:219,0
HLA-A11:22,0
HLA-A11:220,0
HLA-A11:221,0
HLA-A11:222,0
HLA-A11:223,0
HLA-A11:224,0
HLA-A11:225,0
HLA-A11:226,0
HLA-A11:227,0
HLA-A11:228,0
HLA-A11:229,0
HLA-A11:23,0.001
HLA-A11:230,0
HLA-A11:231,0
HLA-A11:232,0
HLA-A11:233,0
HLA-A11:234,0
HLA-A11:236,0
HLA-A11:237,0
HLA-A11:239,0
HLA-A11:24,0.001
HLA-A11:240,0
HLA-A11:241,0
HLA-A11:242,0
HLA-A11:243,0
HLA-A11:244,0
HLA-A11:245,0
HLA-A11:246,0
HLA-A11:247,0
HLA-A11:248,0
HLA-A11:249,0
HLA-A11:25,0
HLA-A11:250,0
HLA-A11:252,0
HLA-A11:253,0
HLA-A11:254,0
HLA-A11:255,0
HLA-A11:257,0
HLA-A11:258,0
HLA-A11:259,0
HLA-A11:26,0
HLA-A11:260,0
HLA-A11:261,0
HLA-A11:262,0
HLA-A11:263,0.036
HLA-A11:264,0
HLA-A11:265,0
HLA-A11:266,0
HLA-A11:267,0
HLA-A11:268,0
HLA-A11:269,0
HLA-A11:27,0
HLA-A11:270,0
HLA-A11:271,0
HLA-A11:273,0
HLA-A11:274,0
HLA-A11:275,0
HLA-A11:276,0
HLA-A11:277,0
HLA-A11:278,0
HLA-A11:279,0
HLA-A11:280,0
HLA-A11:281,0
HLA-A11:282,0
HLA-A11:283,0
HLA-A11:284,0
HLA-A11:285,0
HLA-A11:286,0
HLA-A11:288,0
HLA-A11:289,0
HLA-A11:29,0.001
HLA-A11:290,0
HLA-A11:291,0
HLA-A11:292,0
HLA-A11:293,0
HLA-A11:294,0
HLA-A11:295,0
HLA-A11:296,0
HLA-A11:297,0
HLA-A11:298,0
HLA-A11:299,0
HLA-A11:30,0
HLA-A11:300,0
HLA-A11:301,0
HLA-A11:302,0
HLA-A11:303,0
HLA-A11:304,0
HLA-A11:305,0
HLA-A11:306,0
HLA-A11:307,0
HLA-A11:308,0
HLA-A11:309,0
HLA-A11:31,0
HLA-A11:311,0
HLA-A11:312,0
HLA-A11:32,0.001
HLA-A11:33,0.127
HLA-A11:34,0
HLA-A11:35,0.001
HLA-A11:36,0.5
HLA-A11:37,0.001
HLA-A11:38,0.001
HLA-A11:39,0
HLA-A11:40,0
HLA-A11:41,0
HLA-A11:42,0
HLA-A11:43,0.01
HLA-A11:44,0.002
HLA-A11:45,0
HLA-A11:46,0
HLA-A11:47,0
HLA-A11:48,0
HLA-A11:49,0
HLA-A11:51,0
HLA-A11:53,0
HLA-A11:54,0
HLA-A11:55,0
HLA-A11:56,0.01
HLA-A11:57,0.001
HLA-A11:58,0.001
HLA-A11:59,0
HLA-A11:60,0.009
HLA-A11:61,0
HLA-A11:62,0
HLA-A11:63,0
HLA-A11:64,0
HLA-A11:65,0
HLA-A11:66,0
HLA-A11:67,0
HLA-A11:68,0
HLA-A11:70,0
HLA-A11:71,0
HLA-A11:72,0
HLA-A11:73,0.32
HLA-A11:74,0
HLA-A11:75,0
HLA-A11:76,0
HLA-A11:77,0
HLA-A11:79,0
HLA-A11:80,0
HLA-A11:81,0.002
HLA-A11:82,0
HLA-A11:83,0
HLA-A11:84,0
HLA-A11:85,0
HLA-A11:86,0
HLA-A11:87,0
HLA-A11:88,0
HLA-A11:89,0
HLA-A11:90,0
HLA-A11:91,0
HLA-A11:92,0
HLA-A11:93,0
HLA-A11:94,0
HLA-A11:95,0
HLA-A11:96,0
HLA-A11:97,0
HLA-A11:98,0
HLA-A23:01,2.74
HLA-A23:02,0.001
HLA-A23:03,0.001
HLA-A23:04,0.001
HLA-A23:05,0.001
HLA-A23:06,0.002
HLA-A23:09,0.2
HLA-A23:10,0.068
HLA-A23:12,0
HLA-A23:13,0.001
HLA-A23:14,0.02
HLA-A23:15,0.004
HLA-A23:16,0.018
HLA-A23:17,0.127
HLA-A23:18,0
HLA-A23:20,0.031
HLA-A23:21,0
HLA-A23:22,0
HLA-A23:23,0
HLA-A23:24,0.001
HLA-A23:25,0.32
HLA-A23:26,0
HLA-A23:27,0.005
HLA-A23:28,0
HLA-A23:29,0
HLA-A23:30,0.002
HLA-A23:31,0.001
HLA-A23:32,0
HLA-A23:33,0
HLA-A23:34,0
HLA-A23:35,0
HLA-A23:36,0
HLA-A23:37,0
HLA-A23:39,0.11
HLA-A23:40,0
HLA-A23:41,0
HLA-A23:42,0
HLA-A23:43,0
HLA-A23:44,0
HLA-A23:45,0
HLA-A23:46,0
HLA-A23:47,0
HLA-A23:48,0.002
HLA-A23:49,0
HLA-A23:50,0
HLA-A23:51,0
HLA-A23:52,0
HLA-A23:53,0
HLA-A23:54,0
HLA-A23:55,0
HLA-A23:56,0
HLA-A23:57,0
HLA-A23:58,0
HLA-A23:59,0
HLA-A23:60,0
HLA-A23:61,0
HLA-A23:62,0
HLA-A23:63,0
HLA-A23:64,0
HLA-A23:65,0
HLA-A23:66,0
HLA-A23:67,0
HLA-A23:68,0
HLA-A23:70,0
HLA-A23:71,0
HLA-A23:72,0
HLA-A23:73,0
HLA-A23:74,0
HLA-A23:75,0
HLA-A23:76,0
HLA-A23:77,0
HLA-A23:78,0
HLA-A23:79,0
HLA-A23:80,0
HLA-A23:81,0
HLA-A23:82,0
HLA-A23:83,0
HLA-A23:85,0
HLA-A23:86,0
HLA-A23:87,0
HLA-A23:88,0
HLA-A23:89,0
HLA-A23:90,0
HLA-A23:92,0
HLA-A24:02,9.548
HLA-A24:03,0.234
HLA-A24:04,0.217
HLA-A24:05,0.004
HLA-A24:06,0.002
HLA-A24:07,0.222
HLA-A24:08,0.005
HLA-A24:10,0.023
HLA-A24:100,0
HLA-A24:101,0.001
HLA-A24:102,0
HLA-A24:103,0
HLA-A24:104,0
HLA-A24:105,0
HLA-A24:106,0.001
HLA-A24:107,0
HLA-A24:108,0
HLA-A24:109,0.002
HLA-A24:110,0
HLA-A24:111,0
HLA-A24:112,0
HLA-A24:113,0
HLA-A24:114,0
HLA-A24:115,0
HLA-A24:116,0
HLA-A24:117,0
HLA-A24:118,0
HLA-A24:119,0
HLA-A24:120,0
HLA-A24:121,0.001
HLA-A24:122,0
HLA-A24:123,0
HLA-A24:124,0.32
HLA-A24:125,0
HLA-A24:126,0
HLA-A24:127,0
HLA-A24:128,0
HLA-A24:129,0
HLA-A24:13,0.001
HLA-A24:130,0
HLA-A24:131,0.001
HLA-A24:133,0
HLA-A24:134,0
HLA-A24:135,0
HLA-A24:136,0
HLA-A24:137,0
HLA-A24:138,0.001
HLA-A24:139,0
HLA-A24:14,0.002
HLA-A24:140,0
HLA-A24:141,0
HLA-A24:142,0.034
HLA-A24:143,2.021
HLA-A24:144,0
HLA-A24:145,0
HLA-A24:146,0
HLA-A24:147,0
HLA-A24:148,0
HLA-A24:149,0
HLA-A24:15,0.001
HLA-A24:150,0
HLA-A24:151,0
HLA-A24:152,0
HLA-A24:153,0
HLA-A24:154,0
HLA-A24:156,0
HLA-A24:157,0.002
HLA-A24:159,0
HLA-A24:160,0
HLA-A24:161,0
HLA-A24:162,0
HLA-A24:164,0.005
HLA-A24:165,0.005
HLA-A24:166,0
HLA-A24:167,0
HLA-A24:168,0
HLA-A24:169,0
HLA-A24:17,0.058
HLA-A24:170,0.01
HLA-A24:171,0
HLA-A24:172,0
HLA-A24:173,0
HLA-A24:174,0
HLA-A24:175,0
HLA-A24:176,0
HLA-A24:177,0
HLA-A24:178,0
HLA-A24:179,0
HLA-A24:18,0
HLA-A24:180,0
HLA-A24:181,0
HLA-A24:182,0
HLA-A24:184,0
HLA-A24:186,0
HLA-A24:187,0
HLA-A24:188,0
HLA-A24:189,0
HLA-A24:19,0.003
HLA-A24:190,0
HLA-A24:191,0
HLA-A24:192,0
HLA-A24:193,0
HLA-A24:194,0
HLA-A24:195,0
HLA-A24:196,0
HLA-A24:197,0
HLA-A24:198,0
HLA-A24:199,0
HLA-A24:20,0.008
HLA-A24:200,0
HLA-A24:201,0
HLA-A24:202,0
HLA-A24:203,0.002
HLA-A24:204,0
HLA-A24:205,0
HLA-A24:206,0
HLA-A24:207,0
HLA-A24:208,0
HLA-A24:209,0
HLA-A24:21,0
HLA-A24:210,0
HLA-A24:212,0
HLA-A24:213,0
HLA-A24:214,0
HLA-A24:215,0
HLA-A24:216,0
HLA-A24:217,0
HLA-A24:218,0
HLA-A24:219,0
HLA-A24:22,0.021
HLA-A24:220,0
HLA-A24:221,0
HLA-A24:223,0
HLA-A24:224,0
HLA-A24:225,0
HLA-A24:226,0
HLA-A24:227,0
HLA-A24:228,0.004
HLA-A24:229,0
HLA-A24:23,0.006
HLA-A24:230,0
HLA-A24:231,0
HLA-A24:233,0
HLA-A24:234,0
HLA-A24:235,0
HLA-A24:236,0
HLA-A24:237,0
HLA-A24:238,0
HLA-A24:239,0
HLA-A24:24,0.001
HLA-A24:241,0
HLA-A24:242,1.565
HLA-A24:243,0
HLA-A24:244,0
HLA-A24:245,0
HLA-A24:246,0
HLA-A24:247,0
HLA-A24:248,0
HLA-A24:249,0
HLA-A24:25,0.012
HLA-A24:250,0
HLA-A24:251,0
HLA-A24:253,0
HLA-A24:254,0
HLA-A24:255,0
HLA-A24:256,0.002
HLA-A24:257,0
HLA-A24:258,0
HLA-A24:259,0
HLA-A24:26,0.002
HLA-A24:260,0
HLA-A24:261,0
HLA-A24:262,0
HLA-A24:263,0
HLA-A24:264,0
HLA-A24:265,0
HLA-A24:266,0
HLA-A24:267,0
HLA-A24:268,0
HLA-A24:269,0
HLA-A24:27,0.001
HLA-A24:270,0
HLA-A24:271,0
HLA-A24:272,0
HLA-A24:273,0
HLA-A24:274,0
HLA-A24:275,0
HLA-A24:276,0
HLA-A24:277,0
HLA-A24:279,0
HLA-A24:28,0.001
HLA-A24:280,0
HLA-A24:281,0
HLA-A24:282,0
HLA-A24:283,0
HLA-A24:284,0
HLA-A24:285,0
HLA-A24:286,0
HLA-A24:287,0
HLA-A24:288,0
HLA-A24:289,0
HLA-A24:29,0.002
HLA-A24:290,0
HLA-A24:291,0
HLA-A24:292,0
HLA-A24:293,0
HLA-A24:295,0
HLA-A24:296,0
HLA-A24:297,0
HLA-A24:298,0
HLA-A24:299,0
HLA-A24:30,0.002
HLA-A24:300,0
HLA-A24:301,0
HLA-A24:302,0
HLA-A24:304,0
HLA-A24:305,0.06
HLA-A24:306,0
HLA-A24:307,0
HLA-A24:308,0
HLA-A24:309,0
HLA-A24:31,0.003
HLA-A24:310,0
HLA-A24:311,0
HLA-A24:313,0
HLA-A24:314,0.29
HLA-A24:315,0
HLA-A24:316,0
HLA-A24:317,0
HLA-A24:318,0
HLA-A24:319,0
HLA-A24:32,0.001
HLA-A24:320,0
HLA-A24:321,0
HLA-A24:322,0
HLA-A24:324,0.031
HLA-A24:325,0
HLA-A24:326,0
HLA-A24:327,0
HLA-A24:328,0
HLA-A24:329,0
HLA-A24:33,0.687
HLA-A24:330,0
HLA-A24:331,0
HLA-A24:332,0
HLA-A24:333,0
HLA-A24:334,0
HLA-A24:335,0
HLA-A24:336,0
HLA-A24:337,0
HLA-A24:338,0
HLA-A24:339,0
HLA-A24:34,0.001
HLA-A24:340,0
HLA-A24:341,0
HLA-A24:342,0
HLA-A24:343,0
HLA-A24:344,0
HLA-A24:345,0
HLA-A24:346,0
HLA-A24:347,0
HLA-A24:348,0
HLA-A24:349,0
HLA-A24:35,0
HLA-A24:350,0
HLA-A24:351,0
HLA-A24:352,0
HLA-A24:353,0.378
HLA-A24:354,0
HLA-A24:355,0
HLA-A24:356,0
HLA-A24:358,0
HLA-A24:360,0
HLA-A24:361,0
HLA-A24:362,0
HLA-A24:363,0
HLA-A24:364,0
HLA-A24:365,0
HLA-A24:366,0
HLA-A24:367,0
HLA-A24:368,0
HLA-A24:369,0
HLA-A24:37,0.006
HLA-A24:371,0
HLA-A24:372,0
HLA-A24:373,0
HLA-A24:374,0
HLA-A24:375,0
HLA-A24:376,0
HLA-A24:377,0
HLA-A24:378,0
HLA-A24:379,0
HLA-A24:38,0.001
HLA-A24:380,0
HLA-A24:381,0
HLA-A24:382,0
HLA-A24:383,0
HLA-A24:384,0
HLA-A24:385,0
HLA-A24:386,0
HLA-A24:387,0
HLA-A24:39,0
HLA-A24:390,0
HLA-A24:391,0
HLA-A24:392,0
HLA-A24:393,0
HLA-A24:394,0
HLA-A24:395,0
HLA-A24:397,0
HLA-A24:398,0
HLA-A24:399,0
HLA-A24:400,0
HLA-A24:401,0
HLA-A24:402,0
HLA-A24:403,0
HLA-A24:404,0
HLA-A24:405,0
HLA-A24:406,0
HLA-A24:407,0
HLA-A24:409,0
HLA-A24:41,3.29
HLA-A24:410,0
HLA-A24:411,0
HLA-A24:412,0
HLA-A24:413,0
HLA-A24:414,0
HLA-A24:415,0
HLA-A24:416,0
HLA-A24:417,0
HLA-A24:418,0
HLA-A24:419,0
HLA-A24:42,0
HLA-A24:420,0
HLA-A24:421,0
HLA-A24:422,0
HLA-A24:423,0
HLA-A24:424,0
HLA-A24:43,0.002
HLA-A24:431,0
HLA-A24:432,0
HLA-A24:44,0
HLA-A24:46,0
HLA-A24:47,0
HLA-A24:49,0.001
HLA-A24:50,0
HLA-A24:51,0.762
HLA-A24:52,0
HLA-A24:53,0.001
HLA-A24:54,0
HLA-A24:55,0.002
HLA-A24:56,0
HLA-A24:57,0
HLA-A24:58,0.002
HLA-A24:59,0
HLA-A24:61,0
HLA-A24:62,0
HLA-A24:63,0.07
HLA-A24:64,0.004
HLA-A24:66,0
HLA-A24:67,0.216
HLA-A24:68,0.001
HLA-A24:69,0
HLA-A24:70,0.001
HLA-A24:71,0
HLA-A24:72,0.002
HLA-A24:73,0.001
HLA-A24:74,0.001
HLA-A24:75,0
HLA-A24:76,0
HLA-A24:77,0
HLA-A24:78,0
HLA-A24:79,0
HLA-A24:80,0.001
HLA-A24:81,0.001
HLA-A24:82,0
HLA-A24:85,0
HLA-A24:87,0.6
HLA-A24:88,0.001
HLA-A24:89,0
HLA-A24:91,0
HLA-A24:92,0.32
HLA-A24:93,0.01
HLA-A24:94,0.001
HLA-A24:95,0
HLA-A24:96,0
HLA-A24:97,0.001
HLA-A24:98,0
HLA-A24:99,0
HLA-A25:01,1.888
HLA-A25:02,0.01
HLA-A25:03,0.002
HLA-A25:04,0.003
HLA-A25:05,0.021
HLA-A25:06,0
HLA-A25:07,0
HLA-A25:08,0
HLA-A25:09,0.001
HLA-A25:10,0
HLA-A25:11,0
HLA-A25:13,0.001
HLA-A25:14,0
HLA-A25:15,0.001
HLA-A25:16,0.001
HLA-A25:17,0.001
HLA-A25:18,0.001
HLA-A25:19,0.001
HLA-A25:20,0.001
HLA-A25:21,0.001
HLA-A25:22,0.001
HLA-A25:23,0.001
HLA-A25:24,0.001
HLA-A25:25,0
HLA-A25:26,0
HLA-A25:27,0
HLA-A25:28,0
HLA-A25:29,0
HLA-A25:30,0
HLA-A25:31,0
HLA-A25:32,0
HLA-A25:33,0
HLA-A25:34,0
HLA-A25:35,0
HLA-A25:36,0
HLA-A25:37,0
HLA-A25:38,0
HLA-A25:39,0
HLA-A25:40,0
HLA-A25:41,0
HLA-A25:43,0
HLA-A25:44,0
HLA-A25:45,0
HLA-A25:46,0
HLA-A25:47,0
HLA-A25:48,0
HLA-A25:50,0
HLA-A25:51,0
HLA-A25:52,0
HLA-A25:53,0
HLA-A25:54,0
HLA-A25:55,0
HLA-A25:56,0
HLA-A25:57,0
HLA-A26:01,3.197
HLA-A26:02,0.034
HLA-A26:03,0.028
HLA-A26:04,0.02
HLA-A26:05,0.005
HLA-A26:06,0.013
HLA-A26:07,0.005
HLA-A26:08,0.076
HLA-A26:09,0.003
HLA-A26:10,0.004
HLA-A26:100,0
HLA-A26:101,0
HLA-A26:102,0
HLA-A26:103,0
HLA-A26:104,0
HLA-A26:105,0
HLA-A26:106,0
HLA-A26:108,0
HLA-A26:109,0
HLA-A26:110,0
HLA-A26:111,0
HLA-A26:112,0
HLA-A26:113,0
HLA-A26:114,0
HLA-A26:115,0
HLA-A26:116,0
HLA-A26:117,0
HLA-A26:118,0
HLA-A26:119,0
HLA-A26:12,0.003
HLA-A26:120,0
HLA-A26:121,0
HLA-A26:122,0
HLA-A26:123,0
HLA-A26:124,0
HLA-A26:125,0
HLA-A26:126,0
HLA-A26:128,0
HLA-A26:129,0
HLA-A26:13,0.001
HLA-A26:130,0
HLA-A26:131,0
HLA-A26:132,0
HLA-A26:133,0
HLA-A26:134,0
HLA-A26:135,0
HLA-A26:136,0
HLA-A26:137,0
HLA-A26:138,0
HLA-A26:139,0
HLA-A26:14,0
HLA-A26:140,0
HLA-A26:141,0
HLA-A26:142,0
HLA-A26:143,0
HLA-A26:144,0
HLA-A26:146,0
HLA-A26:147,0
HLA-A26:148,0
HLA-A26:149,0
HLA-A26:15,0.004
HLA-A26:150,0
HLA-A26:151,0
HLA-A26:152,0
HLA-A26:153,0
HLA-A26:154,0
HLA-A26:155,0
HLA-A26:156,0
HLA-A26:157,0
HLA-A26:158,0
HLA-A26:159,0
HLA-A26:16,0
HLA-A26:160,0
HLA-A26:162,0
HLA-A26:163,0
HLA-A26:164,0
HLA-A26:165,0
HLA-A26:167,0
HLA-A26:168,0
HLA-A26:169,0
HLA-A26:17,0.001
HLA-A26:170,0
HLA-A26:171,0
HLA-A26:172,0
HLA-A26:173,0
HLA-A26:174,0
HLA-A26:175,0
HLA-A26:176,0
HLA-A26:177,0
HLA-A26:178,0
HLA-A26:18,0.005
HLA-A26:19,0.002
HLA-A26:20,0.001
HLA-A26:21,0.003
HLA-A26:22,0
HLA-A26:23,0
HLA-A26:24,0
HLA-A26:26,0.1
HLA-A26:27,0
HLA-A26:28,0
HLA-A26:29,0.021
HLA-A26:30,0.005
HLA-A26:31,0
HLA-A26:32,0.001
HLA-A26:33,0.001
HLA-A26:34,0.001
HLA-A26:35,0
HLA-A26:36,0.001
HLA-A26:37,0
HLA-A26:38,0
HLA-A26:39,0.001
HLA-A26:40,0
HLA-A26:41,0
HLA-A26:42,0
HLA-A26:43,0
HLA-A26:45,0
HLA-A26:46,0
HLA-A26:47,0.002
HLA-A26:48,0
HLA-A26:49,0
HLA-A26:50,0
HLA-A26:51,0
HLA-A26:52,0.002
HLA-A26:53,0
HLA-A26:54,0
HLA-A26:55,0
HLA-A26:56,0
HLA-A26:57,0
HLA-A26:58,0
HLA-A26:59,0
HLA-A26:61,0
HLA-A26:62,0
HLA-A26:63,0
HLA-A26:64,0
HLA-A26:65,0
HLA-A26:66,0
HLA-A26:67,0.001
HLA-A26:68,0
HLA-A26:69,0
HLA-A26:70,0
HLA-A26:72,0
HLA-A26:73,0
HLA-A26:74,0
HLA-A26:75,0
HLA-A26:76,0
HLA-A26:77,0
HLA-A26:78,0
HLA-A26:79,0
HLA-A26:80,0
HLA-A26:81,0
HLA-A26:82,0
HLA-A26:83,0
HLA-A26:84,0
HLA-A26:85,0
HLA-A26:86,0
HLA-A26:87,0
HLA-A26:88,0
HLA-A26:89,0
HLA-A26:90,0
HLA-A26:91,0
HLA-A26:92,0
HLA-A26:93,0
HLA-A26:94,0
HLA-A26:95,0
HLA-A26:96,0
HLA-A26:97,0
HLA-A26:98,0
HLA-A26:99,0
HLA-A29:01,0.415
HLA-A29:02,2.571
HLA-A29:03,0.001
HLA-A29:04,0
HLA-A29:05,0.006
HLA-A29:06,0.639
HLA-A29:07,0
HLA-A29:09,0
HLA-A29:10,0.008
HLA-A29:100,0
HLA-A29:101,0
HLA-A29:102,0
HLA-A29:103,0
HLA-A29:104,0
HLA-A29:105,0
HLA-A29:106,0
HLA-A29:107,0
HLA-A29:108,0
HLA-A29:109,0
HLA-A29:11,0.001
HLA-A29:110,0
HLA-A29:111,0
HLA-A29:113,0
HLA-A29:114,0
HLA-A29:115,0
HLA-A29:116,0
HLA-A29:117,0
HLA-A29:118,0
HLA-A29:119,0
HLA-A29:12,0
HLA-A29:120,0
HLA-A29:121,0
HLA-A29:122,0
HLA-A29:123,0
HLA-A29:124,0
HLA-A29:125,0
HLA-A29:127,0
HLA-A29:128,0
HLA-A29:13,0.002
HLA-A29:14,0
HLA-A29:15,0.005
HLA-A29:16,0
HLA-A29:17,0
HLA-A29:18,0
HLA-A29:19,0
HLA-A29:20,0
HLA-A29:21,0.001
HLA-A29:22,0
HLA-A29:23,0
HLA-A29:24,0
HLA-A29:25,4.852
HLA-A29:26,0
HLA-A29:27,0.005
HLA-A29:28,0
HLA-A29:29,0.005
HLA-A29:30,0
HLA-A29:31,0
HLA-A29:32,0.11
HLA-A29:33,0
HLA-A29:34,0
HLA-A29:35,0
HLA-A29:36,0
HLA-A29:37,0
HLA-A29:38,0
HLA-A29:39,0
HLA-A29:40,0
HLA-A29:41,0
HLA-A29:42,0
HLA-A29:43,0
HLA-A29:44,0
HLA-A29:45,0
HLA-A29:46,0
HLA-A29:47,0
HLA-A29:48,0.002
HLA-A29:49,0
HLA-A29:50,4.772
HLA-A29:51,0
HLA-A29:52,0
HLA-A29:53,0
HLA-A29:54,0
HLA-A29:55,0
HLA-A29:56,0
HLA-A29:57,0
HLA-A29:58,0
HLA-A29:59,0
HLA-A29:60,0
HLA-A29:61,0
HLA-A29:62,0
HLA-A29:63,0
HLA-A29:64,0
HLA-A29:65,0
HLA-A29:66,0
HLA-A29:67,0
HLA-A29:68,0
HLA-A29:69,0
HLA-A29:70,0
HLA-A29:71,0
HLA-A29:72,0
HLA-A29:73,0
HLA-A29:74,0
HLA-A29:75,0
HLA-A29:76,0
HLA-A29:77,0
HLA-A29:79,0
HLA-A29:80,0
HLA-A29:81,0
HLA-A29:82,0
HLA-A29:83,0
HLA-A29:84,0
HLA-A29:85,0
HLA-A29:86,0
HLA-A29:87,0
HLA-A29:88,0
HLA-A29:89,0
HLA-A29:90,0
HLA-A29:91,0
HLA-A29:92,0
HLA-A29:93,0
HLA-A29:94,0
HLA-A29:95,0
HLA-A29:96,0
HLA-A29:97,0
HLA-A29:98,0
HLA-A29:99,0
HLA-A30:01,1.953
HLA-A30:02,1.24
HLA-A30:03,0
HLA-A30:04,0.184
HLA-A30:06,0.236
HLA-A30:07,0.005
HLA-A30:08,0.002
HLA-A30:09,0.002
HLA-A30:10,0.014
HLA-A30:100,0
HLA-A30:102,0
HLA-A30:103,0.004
HLA-A30:104,0
HLA-A30:105,0
HLA-A30:106,0
HLA-A30:107,0
HLA-A30:108,0
HLA-A30:109,0
HLA-A30:11,0
HLA-A30:110,0
HLA-A30:111,0
HLA-A30:112,0
HLA-A30:113,0
HLA-A30:114,0
HLA-A30:115,0
HLA-A30:116,0
HLA-A30:117,0
HLA-A30:118,0
HLA-A30:119,0
HLA-A30:12,0.008
HLA-A30:120,0
HLA-A30:122,0
HLA-A30:124,0
HLA-A30:125,0
HLA-A30:126,0
HLA-A30:127,0
HLA-A30:128,0
HLA-A30:129,0
HLA-A30:13,0
HLA-A30:131,0
HLA-A30:133,0
HLA-A30:134,0
HLA-A30:135,0
HLA-A30:136,0
HLA-A30:137,0
HLA-A30:138,0
HLA-A30:139,0
HLA-A30:140,0
HLA-A30:141,0
HLA-A30:142,0
HLA-A30:143,0
HLA-A30:144,0
HLA-A30:14L,0
HLA-A30:15,0.005
HLA-A30:16,0.002
HLA-A30:17,0
HLA-A30:18,0.007
HLA-A30:19,0.7
HLA-A30:20,0
HLA-A30:22,0
HLA-A30:23,0.005
HLA-A30:24,0
HLA-A30:25,0.001
HLA-A30:26,0.001
HLA-A30:28,0.001
HLA-A30:29,0
HLA-A30:30,0
HLA-A30:31,0
HLA-A30:32,0
HLA-A30:33,0
HLA-A30:34,0.32
HLA-A30:35,0
HLA-A30:36,0
HLA-A30:37,0
HLA-A30:38,0
HLA-A30:39,0
HLA-A30:40,0.001
HLA-A30:41,0
HLA-A30:42,0
HLA-A30:43,0
HLA-A30:44,0
HLA-A30:45,0
HLA-A30:46,0
HLA-A30:47,0
HLA-A30:48,0
HLA-A30:49,0
HLA-A30:50,0
HLA-A30:51,0
HLA-A30:52,0
HLA-A30:53,0
HLA-A30:54,0
HLA-A30:55,0
HLA-A30:56,0
HLA-A30:57,0
HLA-A30:58,0
HLA-A30:60,0
HLA-A30:61,0
HLA-A30:62,0
HLA-A30:63,0
HLA-A30:64,0
HLA-A30:65,0
HLA-A30:66,0
HLA-A30:67,0
HLA-A30:68,0
HLA-A30:69,0
HLA-A30:71,0
HLA-A30:72,0
HLA-A30:74,0
HLA-A30:75,0
HLA-A30:77,0
HLA-A30:79,0
HLA-A30:80,0
HLA-A30:81,0
HLA-A30:82,0.002
HLA-A30:83,0
HLA-A30:84,0
HLA-A30:85,0
HLA-A30:86,0
HLA-A30:87,0
HLA-A30:88,0
HLA-A30:89,0
HLA-A30:90,0
HLA-A30:91,0
HLA-A30:92,0
HLA-A30:93,0
HLA-A30:94,0
HLA-A30:95,0
HLA-A30:96,0
HLA-A30:97,0
HLA-A30:98,0
HLA-A30:99,0
HLA-A31:01,2.557
HLA-A31:02,0.013
HLA-A31:03,0.004
HLA-A31:04,0.003
HLA-A31:05,0.001
HLA-A31:06,0.002
HLA-A31:07,0
HLA-A31:08,0.144
HLA-A31:09,0.003
HLA-A31:10,0
HLA-A31:100,0
HLA-A31:101,0
HLA-A31:102,0
HLA-A31:103,0
HLA-A31:104,0
HLA-A31:105,0
HLA-A31:106,0
HLA-A31:107,0
HLA-A31:108,0
HLA-A31:109,0
HLA-A31:11,0.011
HLA-A31:110,0
HLA-A31:111,0
HLA-A31:112,0
HLA-A31:113,0
HLA-A31:114,0
HLA-A31:115,0
HLA-A31:116,0
HLA-A31:117,0
HLA-A31:118,0
HLA-A31:119,0.204
HLA-A31:12,0.041
HLA-A31:120,0
HLA-A31:121,0
HLA-A31:122,0
HLA-A31:123,0
HLA-A31:124,0
HLA-A31:125,0
HLA-A31:127,0
HLA-A31:128,0
HLA-A31:129,0
HLA-A31:13,0.003
HLA-A31:130,0
HLA-A31:132,0
HLA-A31:133,0
HLA-A31:134,0
HLA-A31:135,0
HLA-A31:136,0
HLA-A31:137,0
HLA-A31:138,0
HLA-A31:139,0
HLA-A31:140,0
HLA-A31:142,0
HLA-A31:143,0
HLA-A31:144,0
HLA-A31:145,0
HLA-A31:146,0
HLA-A31:147,0
HLA-A31:148,0
HLA-A31:15,0.004
HLA-A31:16,0.001
HLA-A31:17,0.001
HLA-A31:18,0.002
HLA-A31:19,0
HLA-A31:20,0
HLA-A31:21,0
HLA-A31:22,0.44
HLA-A31:23,0
HLA-A31:24,0.001
HLA-A31:25,0
HLA-A31:26,0.001
HLA-A31:27,0.001
HLA-A31:28,0
HLA-A31:29,1.946
HLA-A31:30,0.082
HLA-A31:31,0
HLA-A31:32,0.001
HLA-A31:33,0
HLA-A31:34,0
HLA-A31:35,0
HLA-A31:36,0
HLA-A31:37,0
HLA-A31:38,0
HLA-A31:39,0
HLA-A31:40,0
HLA-A31:41,0.001
HLA-A31:42,0
HLA-A31:43,0
HLA-A31:44,0
HLA-A31:45,0
HLA-A31:46,0
HLA-A31:47,0
HLA-A31:48,0.004
HLA-A31:49,0
HLA-A31:50,0
HLA-A31:51,0
HLA-A31:52,0
HLA-A31:53,0
HLA-A31:54,0
HLA-A31:55,0
HLA-A31:56,0
HLA-A31:57,0
HLA-A31:58,0
HLA-A31:59,0
HLA-A31:61,0
HLA-A31:62,0
HLA-A31:63,0
HLA-A31:64,0
HLA-A31:65,0
HLA-A31:66,0
HLA-A31:67,0
HLA-A31:68,0
HLA-A31:69,0
HLA-A31:70,0
HLA-A31:71,0
HLA-A31:72,0
HLA-A31:73,0.668
HLA-A31:74,0
HLA-A31:75,0
HLA-A31:76,0
HLA-A31:77,0
HLA-A31:78,0.15
HLA-A31:79,0
HLA-A31:80,0
HLA-A31:81,0
HLA-A31:82,0.009
HLA-A31:83,0
HLA-A31:84,0
HLA-A31:85,0
HLA-A31:86,0
HLA-A31:87,0
HLA-A31:88,0
HLA-A31:89,0
HLA-A31:90,0
HLA-A31:91,0
HLA-A31:92,0
HLA-A31:93,0
HLA-A31:94,0
HLA-A31:95,0
HLA-A31:96,0
HLA-A31:97,0
HLA-A31:98,0
HLA-A31:99,0
HLA-A32:01,3.191
HLA-A32:02,0
HLA-A32:03,0.002
HLA-A32:04,0.006
HLA-A32:05,0
HLA-A32:06,0
HLA-A32:07,0.001
HLA-A32:08,0
HLA-A32:09,0
HLA-A32:10,0
HLA-A32:100,0
HLA-A32:102,0
HLA-A32:103,0
HLA-A32:104,0
HLA-A32:105,0
HLA-A32:106,1.408
HLA-A32:107,0
HLA-A32:108,0
HLA-A32:109,0
HLA-A32:110,0
HLA-A32:111,0
HLA-A32:113,0
HLA-A32:114,0
HLA-A32:115,0
HLA-A32:116,0
HLA-A32:118,0
HLA-A32:119,0
HLA-A32:12,0
HLA-A32:120,0
HLA-A32:121,0
HLA-A32:13,0.002
HLA-A32:14,0.05
HLA-A32:15,0
HLA-A32:16,0.001
HLA-A32:17,0.001
HLA-A32:18,0.001
HLA-A32:20,0
HLA-A32:21,0.001
HLA-A32:22,0.001
HLA-A32:23,0
HLA-A32:24,0
HLA-A32:25,0
HLA-A32:26,0
HLA-A32:28,0
HLA-A32:29,0
HLA-A32:30,0
HLA-A32:31,0
HLA-A32:32,0
HLA-A32:33,0
HLA-A32:34,0
HLA-A32:35,0.004
HLA-A32:36,0
HLA-A32:37,0
HLA-A32:38,0.001
HLA-A32:39,0
HLA-A32:40,0
HLA-A32:41,0.004
HLA-A32:42,0
HLA-A32:43,0
HLA-A32:44,0
HLA-A32:46,0
HLA-A32:47,0
HLA-A32:49,0.001
HLA-A32:50,0
HLA-A32:51,0
HLA-A32:52,0
HLA-A32:53,0
HLA-A32:54,0
HLA-A32:55,0
HLA-A32:57,0
HLA-A32:58,0
HLA-A32:59,0
HLA-A32:60,0
HLA-A32:61,0
HLA-A32:62,0
HLA-A32:63,0
HLA-A32:64,0
HLA-A32:65,0
HLA-A32:66,0
HLA-A32:67,0.03
HLA-A32:68,0
HLA-A32:69,0
HLA-A32:70,0
HLA-A32:71,0
HLA-A32:72,0
HLA-A32:73,0
HLA-A32:74,0
HLA-A32:75,0
HLA-A32:76,0
HLA-A32:77,0
HLA-A32:78,0
HLA-A32:79,0
HLA-A32:80,0
HLA-A32:81,0
HLA-A32:82,0
HLA-A32:83,0
HLA-A32:84,0
HLA-A32:85,0
HLA-A32:86,0
HLA-A32:87,0
HLA-A32:88,0
HLA-A32:89,0
HLA-A32:90,0
HLA-A32:91,0
HLA-A32:93,0
HLA-A32:94,0
HLA-A32:95,0
HLA-A32:96,0
HLA-A32:97,0
HLA-A32:98,0
HLA-A32:99,0
HLA-A33:01,0.989
HLA-A33:03,1.649
HLA-A33:04,0
HLA-A33:05,0.014
HLA-A33:06,0
HLA-A33:07,0
HLA-A33:08,0.001
HLA-A33:09,0
HLA-A33:10,0.001
HLA-A33:100,0
HLA-A33:101,0
HLA-A33:102,0
HLA-A33:103,0
HLA-A33:104,0
HLA-A33:105,0
HLA-A33:106,0
HLA-A33:107,0
HLA-A33:108,0
HLA-A33:109,0
HLA-A33:11,0
HLA-A33:110,0
HLA-A33:111,0
HLA-A33:112,0
HLA-A33:113,0
HLA-A33:114,0
HLA-A33:115,0
HLA-A33:116,0
HLA-A33:117,0
HLA-A33:118,0
HLA-A33:119,0
HLA-A33:12,0.001
HLA-A33:120,0
HLA-A33:121,0
HLA-A33:122,0
HLA-A33:124,0
HLA-A33:125,0
HLA-A33:126,0
HLA-A33:127,0
HLA-A33:128,0
HLA-A33:13,0.001
HLA-A33:130,0
HLA-A33:131,0
HLA-A33:132,0
HLA-A33:133,0
HLA-A33:134,0
HLA-A33:135,0
HLA-A33:136,0.01
HLA-A33:137,0
HLA-A33:138,0
HLA-A33:139,0
HLA-A33:14,0
HLA-A33:141,0
HLA-A33:142,0
HLA-A33:144,0
HLA-A33:145,0
HLA-A33:146,0.009
HLA-A33:147,0
HLA-A33:148,0
HLA-A33:149,0
HLA-A33:15,0
HLA-A33:150,0
HLA-A33:151,0
HLA-A33:152,0
HLA-A33:153,0
HLA-A33:155,0
HLA-A33:158,0
HLA-A33:159,0
HLA-A33:16,0.123
HLA-A33:160,0
HLA-A33:161,0
HLA-A33:162,0
HLA-A33:163,0
HLA-A33:164,0
HLA-A33:165,0
HLA-A33:166,0
HLA-A33:167,0
HLA-A33:168,0
HLA-A33:169,0
HLA-A33:17,0.002
HLA-A33:170,0
HLA-A33:18,1.923
HLA-A33:19,0.001
HLA-A33:20,0
HLA-A33:21,0
HLA-A33:22,0
HLA-A33:23,0
HLA-A33:24,0
HLA-A33:25,0.05
HLA-A33:26,0.02
HLA-A33:27,0.001
HLA-A33:28,0.001
HLA-A33:29,0
HLA-A33:30,0.11
HLA-A33:31,0
HLA-A33:32,0
HLA-A33:33,0
HLA-A33:34,0
HLA-A33:35,0
HLA-A33:36,0.017
HLA-A33:37,0
HLA-A33:39,0
HLA-A33:40,0
HLA-A33:41,0
HLA-A33:42,0
HLA-A33:43,0
HLA-A33:44,0
HLA-A33:45,0
HLA-A33:46,0
HLA-A33:47,0
HLA-A33:48,0
HLA-A33:49,0
HLA-A33:50,0
HLA-A33:51,0
HLA-A33:52,0
HLA-A33:53,0
HLA-A33:54,0
HLA-A33:55,0
HLA-A33:56,0
HLA-A33:57,0
HLA-A33:58,0
HLA-A33:59,0
HLA-A33:60,0
HLA-A33:61,0
HLA-A33:62,0
HLA-A33:63,0
HLA-A33:64,0
HLA-A33:65,0.14
HLA-A33:66,0
HLA-A33:67,0
HLA-A33:68,0
HLA-A33:69,0
HLA-A33:70,0
HLA-A33:71,0.058
HLA-A33:72,0
HLA-A33:75,0
HLA-A33:76,0
HLA-A33:77,0
HLA-A33:78,0
HLA-A33:79,0
HLA-A33:81,0
HLA-A33:82,0
HLA-A33:83,0
HLA-A33:84,0
HLA-A33:85,0
HLA-A33:86,0
HLA-A33:87,0
HLA-A33:88,0
HLA-A33:89,0
HLA-A33:90,0
HLA-A33:91,0
HLA-A33:92,0
HLA-A33:93,0
HLA-A33:94,0
HLA-A33:95,0
HLA-A33:97,0
HLA-A33:98,0
HLA-A33:99,0
HLA-A34:01,0.161
HLA-A34:02,0.33
HLA-A34:03,0.001
HLA-A34:04,0
HLA-A34:05,0.005
HLA-A34:06,0
HLA-A34:07,0
HLA-A34:08,0
HLA-A34:09,0
HLA-A34:11,0
HLA-A34:12,0
HLA-A34:13,0
HLA-A34:14,0
HLA-A34:15,0
HLA-A34:16,0
HLA-A34:17,0
HLA-A34:18,0
HLA-A34:19,0
HLA-A34:20,0
HLA-A34:21,0
HLA-A36:01,0.221
HLA-A36:02,0
HLA-A36:03,0.008
HLA-A36:04,0.001
HLA-A36:05,0.001
HLA-A36:06,0
HLA-A36:07,0
HLA-A36:08,0
HLA-A43:01,0.001
HLA-A66:01,0.514
HLA-A66:02,0.076
HLA-A66:03,0.017
HLA-A66:04,0
HLA-A66:05,0
HLA-A66:06,0
HLA-A66:07,0
HLA-A66:08,0
HLA-A66:09,0.001
HLA-A66:10,0
HLA-A66:11,0
HLA-A66:12,0
HLA-A66:13,0.003
HLA-A66:14,0.003
HLA-A66:15,0
HLA-A66:16,0
HLA-A66:17,0.005
HLA-A66:18,0
HLA-A66:19,0
HLA-A66:20,0
HLA-A66:21,0
HLA-A66:22,0
HLA-A66:23,0
HLA-A66:24,0
HLA-A66:25,0
HLA-A66:29,0
HLA-A66:30,0
HLA-A66:31,0
HLA-A66:32,0
HLA-A68:01,3.448
HLA-A68:02,1.296
HLA-A68:03,0.131
HLA-A68:04,0.002
HLA-A68:05,0.025
HLA-A68:06,0.003
HLA-A68:07,0.003
HLA-A68:08,0.001
HLA-A68:09,0
HLA-A68:10,0.011
HLA-A68:100,0
HLA-A68:101,0
HLA-A68:102,0
HLA-A68:103,0
HLA-A68:104,0
HLA-A68:105,0
HLA-A68:106,0
HLA-A68:107,0
HLA-A68:108,0
HLA-A68:109,0
HLA-A68:110,0
HLA-A68:111,0
HLA-A68:112,0
HLA-A68:113,0
HLA-A68:114,0
HLA-A68:115,0
HLA-A68:116,0
HLA-A68:117,0
HLA-A68:118,0
HLA-A68:119,0
HLA-A68:12,0.005
HLA-A68:121,0
HLA-A68:122,0
HLA-A68:123,0
HLA-A68:124,0
HLA-A68:125,0
HLA-A68:126,0
HLA-A68:127,0
HLA-A68:128,0
HLA-A68:129,0
HLA-A68:13,0.001
HLA-A68:130,0
HLA-A68:131,0
HLA-A68:132,0
HLA-A68:133,0
HLA-A68:134,0
HLA-A68:135,0
HLA-A68:136,0
HLA-A68:137,0
HLA-A68:138,0
HLA-A68:139,0
HLA-A68:14,0
HLA-A68:140,0
HLA-A68:141,0
HLA-A68:143,0
HLA-A68:144,0
HLA-A68:145,0
HLA-A68:146,0
HLA-A68:147,0
HLA-A68:149,0
HLA-A68:15,0.005
HLA-A68:150,0
HLA-A68:151,0
HLA-A68:152,0
HLA-A68:153,0
HLA-A68:154,0
HLA-A68:155,0
HLA-A68:156,0
HLA-A68:157,0
HLA-A68:158,0
HLA-A68:16,0
HLA-A68:160,0
HLA-A68:161,0
HLA-A68:162,0
HLA-A68:163,0
HLA-A68:164,0
HLA-A68:165,0
HLA-A68:166,0
HLA-A68:167,0
HLA-A68:168,0
HLA-A68:169,0
HLA-A68:17,0.001
HLA-A68:170,0
HLA-A68:172,0
HLA-A68:173,0
HLA-A68:174,0
HLA-A68:175,0
HLA-A68:176,0
HLA-A68:177,0
HLA-A68:178,0
HLA-A68:179,0
HLA-A68:180,0
HLA-A68:183,0
HLA-A68:184,0
HLA-A68:185,0
HLA-A68:186,0
HLA-A68:187,0
HLA-A68:188,0
HLA-A68:189,0
HLA-A68:19,0
HLA-A68:190,0
HLA-A68:191,0
HLA-A68:192,0
HLA-A68:193,0
HLA-A68:194,0
HLA-A68:195,0
HLA-A68:196,0
HLA-A68:197,0
HLA-A68:198,0
HLA-A68:20,0.001
HLA-A68:200,0
HLA-A68:201,0
HLA-A68:202,0
HLA-A68:204,0
HLA-A68:21,0
HLA-A68:22,0
HLA-A68:23,0
HLA-A68:24,0.003
HLA-A68:25,0
HLA-A68:26,0
HLA-A68:27,0
HLA-A68:28,0.001
HLA-A68:29,0
HLA-A68:30,0.001
HLA-A68:31,0.003
HLA-A68:32,0
HLA-A68:33,0
HLA-A68:34,0
HLA-A68:35,0.001
HLA-A68:36,0.001
HLA-A68:37,0.002
HLA-A68:38,0.004
HLA-A68:39,0
HLA-A68:40,0.001
HLA-A68:41,0
HLA-A68:42,0.001
HLA-A68:43,0
HLA-A68:44,0.001
HLA-A68:45,0
HLA-A68:46,0
HLA-A68:47,2.5
HLA-A68:48,0
HLA-A68:50,0
HLA-A68:51,0
HLA-A68:52,0
HLA-A68:53,0
HLA-A68:54,0
HLA-A68:55,0.008
HLA-A68:56,0
HLA-A68:57,0.001
HLA-A68:58,0
HLA-A68:60,0
HLA-A68:61,0
HLA-A68:62,0
HLA-A68:63,0
HLA-A68:64,0
HLA-A68:65,0
HLA-A68:66,0
HLA-A68:67,0
HLA-A68:68,0
HLA-A68:69,0
HLA-A68:70,0
HLA-A68:71,0
HLA-A68:72,0
HLA-A68:73,0.001
HLA-A68:74,0.092
HLA-A68:75,0
HLA-A68:76,0
HLA-A68:77,0
HLA-A68:78,0
HLA-A68:79,0
HLA-A68:80,0
HLA-A68:81,0.767
HLA-A68:82,0
HLA-A68:83,0
HLA-A68:84,0
HLA-A68:85,0
HLA-A68:86,0
HLA-A68:87,0
HLA-A68:88,0
HLA-A68:89,0
HLA-A68:90,0
HLA-A68:91,0
HLA-A68:92,0
HLA-A68:93,0
HLA-A68:95,0
HLA-A68:96,0
HLA-A68:97,0
HLA-A68:98,0
HLA-A68:99,0
HLA-A69:01,0.15
HLA-A69:02,0
HLA-A69:03,0
HLA-A69:04,0
HLA-A69:05,0
HLA-A74:01,0.492
HLA-A74:02,0.114
HLA-A74:03,0.04
HLA-A74:04,0
HLA-A74:05,0
HLA-A74:06,0.002
HLA-A74:07,0
HLA-A74:08,0
HLA-A74:09,0.026
HLA-A74:10,0.001
HLA-A74:11,0.002
HLA-A74:13,0
HLA-A74:15,0.001
HLA-A74:16,0.001
HLA-A74:17,0.001
HLA-A74:18,0.001
HLA-A74:19,0.001
HLA-A74:20,0.001
HLA-A74:21,0
HLA-A74:22,0
HLA-A74:23,0.5
HLA-A74:24,0
HLA-A74:25,0
HLA-A74:26,0
HLA-A74:27,0
HLA-A74:28,0
HLA-A74:29,0
HLA-A74:30,0
HLA-A74:31,0
HLA-A74:33,0
HLA-A74:34,0
HLA-A80:01,0.087
HLA-A80:02,0.033
HLA-A80:03,0.001
HLA-A80:04,0
HLA-B07:02,10.549
HLA-B07:03,0.002
HLA-B07:04,0.064
HLA-B07:05,0.537
HLA-B07:06,0.113
HLA-B07:07,0.003
HLA-B07:08,0.001
HLA-B07:09,0.008
HLA-B07:10,0.008
HLA-B07:100,0
HLA-B07:101,0
HLA-B07:102,0
HLA-B07:103,0
HLA-B07:104,0.021
HLA-B07:105,1.263
HLA-B07:106,0
HLA-B07:107,0.001
HLA-B07:108,0
HLA-B07:109,0.001
HLA-B07:11,0.002
HLA-B07:110,0
HLA-B07:112,0.001
HLA-B07:113,0.001
HLA-B07:114,0.001
HLA-B07:115,0.001
HLA-B07:116,0.004
HLA-B07:117,0.001
HLA-B07:118,0
HLA-B07:119,0
HLA-B07:12,0.002
HLA-B07:120,0
HLA-B07:121,0
HLA-B07:122,0
HLA-B07:123,0
HLA-B07:124,0
HLA-B07:125,0
HLA-B07:126,0
HLA-B07:127,0
HLA-B07:128,0.005
HLA-B07:129,0
HLA-B07:13,0.001
HLA-B07:130,0
HLA-B07:131,0
HLA-B07:132,0
HLA-B07:133,0
HLA-B07:134,0
HLA-B07:136,0
HLA-B07:137,0
HLA-B07:138,0
HLA-B07:139,0
HLA-B07:14,0.008
HLA-B07:140,0.021
HLA-B07:141,0
HLA-B07:142,0
HLA-B07:143,0
HLA-B07:144,0
HLA-B07:145,0
HLA-B07:146,0
HLA-B07:147,0
HLA-B07:148,0.084
HLA-B07:149,0
HLA-B07:15,0.004
HLA-B07:150,0
HLA-B07:151,0
HLA-B07:152,0
HLA-B07:153,0
HLA-B07:154,0
HLA-B07:155,0
HLA-B07:156,0
HLA-B07:157,0
HLA-B07:158,0
HLA-B07:159,0
HLA-B07:16,0
HLA-B07:160,0
HLA-B07:162,0
HLA-B07:163,0
HLA-B07:164,0
HLA-B07:165,0
HLA-B07:166,0
HLA-B07:168,0.021
HLA-B07:169,0
HLA-B07:17,0.001
HLA-B07:170,0.01
HLA-B07:171,0
HLA-B07:172,0
HLA-B07:173,0
HLA-B07:174,0
HLA-B07:175,0
HLA-B07:176,0
HLA-B07:177,0
HLA-B07:178,0
HLA-B07:179,0
HLA-B07:18,0.001
HLA-B07:180,0
HLA-B07:183,0
HLA-B07:184,0
HLA-B07:185,0
HLA-B07:186,0
HLA-B07:187,0
HLA-B07:188,0
HLA-B07:189,0
HLA-B07:19,0
HLA-B07:190,0
HLA-B07:191,0
HLA-B07:192,0
HLA-B07:193,0
HLA-B07:194,0
HLA-B07:195,0
HLA-B07:196,0
HLA-B07:197,0
HLA-B07:198,0
HLA-B07:199,0
HLA-B07:20,0.001
HLA-B07:200,0
HLA-B07:202,0
HLA-B07:203,0
HLA-B07:204,0
HLA-B07:205,0
HLA-B07:206,0
HLA-B07:207,0
HLA-B07:208,0
HLA-B07:209,0
HLA-B07:21,0
HLA-B07:210,0
HLA-B07:211,0
HLA-B07:212,0
HLA-B07:213,0
HLA-B07:214,0
HLA-B07:215,0
HLA-B07:216,0
HLA-B07:217,0
HLA-B07:218,0
HLA-B07:219,0
HLA-B07:22,0
HLA-B07:220,0
HLA-B07:221,0
HLA-B07:222,0
HLA-B07:223,0
HLA-B07:224,0
HLA-B07:225,0
HLA-B07:226,0
HLA-B07:227,0
HLA-B07:228,0
HLA-B07:229,0
HLA-B07:23,0
HLA-B07:230,0
HLA-B07:232,0
HLA-B07:233,0
HLA-B07:234,0
HLA-B07:235,0
HLA-B07:236,0
HLA-B07:237,0
HLA-B07:238,0
HLA-B07:239,0
HLA-B07:24,0
HLA-B07:240,0
HLA-B07:241,0
HLA-B07:242,0
HLA-B07:243,0
HLA-B07:244,0
HLA-B07:245,0
HLA-B07:246,0
HLA-B07:247,0
HLA-B07:248,0
HLA-B07:249,0
HLA-B07:25,0
HLA-B07:250,0
HLA-B07:252,0
HLA-B07:253,0
HLA-B07:254,0
HLA-B07:255,0
HLA-B07:256,0
HLA-B07:257,0
HLA-B07:258,0
HLA-B07:259,0
HLA-B07:26,0.001
HLA-B07:260,0
HLA-B07:261,0
HLA-B07:262,0
HLA-B07:263,0
HLA-B07:264,0
HLA-B07:265,0
HLA-B07:266,0
HLA-B07:267,0
HLA-B07:268,0
HLA-B07:269,0
HLA-B07:27,0.001
HLA-B07:270,0
HLA-B07:271,0
HLA-B07:273,0
HLA-B07:274,0
HLA-B07:275,0
HLA-B07:276,0
HLA-B07:277,0
HLA-B07:278,0
HLA-B07:279,0
HLA-B07:28,0.001
HLA-B07:280,0
HLA-B07:281,0
HLA-B07:282,0
HLA-B07:283,0
HLA-B07:284,0
HLA-B07:286,0
HLA-B07:287,0
HLA-B07:288,0
HLA-B07:289,0
HLA-B07:29,0
HLA-B07:290,0
HLA-B07:291,0
HLA-B07:292,0
HLA-B07:293,0
HLA-B07:294,0
HLA-B07:295,0
HLA-B07:296,0
HLA-B07:297,0
HLA-B07:298,0
HLA-B07:299,0
HLA-B07:30,0
HLA-B07:300,0
HLA-B07:301,0
HLA-B07:302,0
HLA-B07:303,0
HLA-B07:304,0
HLA-B07:305,0
HLA-B07:306,0
HLA-B07:307,0
HLA-B07:308,0
HLA-B07:309,0
HLA-B07:31,0
HLA-B07:310,0
HLA-B07:311,0
HLA-B07:312,0
HLA-B07:313,0
HLA-B07:314,0
HLA-B07:317,0
HLA-B07:319,0
HLA-B07:32,0.001
HLA-B07:320,0
HLA-B07:321,0
HLA-B07:322,0
HLA-B07:323,0
HLA-B07:324,0
HLA-B07:326,0
HLA-B07:327,0
HLA-B07:328,0
HLA-B07:329,0
HLA-B07:33,0
HLA-B07:331,0
HLA-B07:332,0
HLA-B07:333,0
HLA-B07:334,0
HLA-B07:335,0
HLA-B07:336,0
HLA-B07:337,0
HLA-B07:338,0
HLA-B07:339,0
HLA-B07:34,0.002
HLA-B07:340,0
HLA-B07:341,0
HLA-B07:342,0
HLA-B07:344,0
HLA-B07:345,0
HLA-B07:346,0
HLA-B07:347,0
HLA-B07:348,0
HLA-B07:349,0
HLA-B07:35,0.083
HLA-B07:350,0
HLA-B07:352,0
HLA-B07:353,0
HLA-B07:354,0
HLA-B07:355,0
HLA-B07:356,0
HLA-B07:357,0
HLA-B07:358,0
HLA-B07:36,0
HLA-B07:37,0.001
HLA-B07:38,0.001
HLA-B07:39,0
HLA-B07:40,0.003
HLA-B07:41,0.001
HLA-B07:42,0.001
HLA-B07:43,0
HLA-B07:44,0.01
HLA-B07:45,0
HLA-B07:46,0
HLA-B07:47,0.001
HLA-B07:48,0
HLA-B07:50,0
HLA-B07:51,0.001
HLA-B07:52,0
HLA-B07:53,0
HLA-B07:54,0.001
HLA-B07:55,0
HLA-B07:56,0
HLA-B07:57,0
HLA-B07:58,0
HLA-B07:59,0
HLA-B07:60,0
HLA-B07:61,0
HLA-B07:62,0.001
HLA-B07:63,0.001
HLA-B07:64,0
HLA-B07:65,0
HLA-B07:66,0
HLA-B07:68,0.001
HLA-B07:69,0
HLA-B07:70,0
HLA-B07:71,0
HLA-B07:72,0
HLA-B07:73,0
HLA-B07:74,0
HLA-B07:75,0.019
HLA-B07:76,0
HLA-B07:77,0
HLA-B07:78,0
HLA-B07:79,0
HLA-B07:80,0.002
HLA-B07:81,0.001
HLA-B07:82,0
HLA-B07:83,0
HLA-B07:84,0
HLA-B07:85,0.038
HLA-B07:86,0
HLA-B07:87,0.001
HLA-B07:88,0.001
HLA-B07:89,0.041
HLA-B07:90,0.01
HLA-B07:91,0.03
HLA-B07:92,0
HLA-B07:93,0
HLA-B07:94,0
HLA-B07:95,0
HLA-B07:96,0
HLA-B07:97,0
HLA-B07:98,0
HLA-B07:99,0
HLA-B08:01,8.404
HLA-B08:02,0.002
HLA-B08:03,0.001
HLA-B08:04,0.001
HLA-B08:05,0.001
HLA-B08:07,0
HLA-B08:09,0.008
HLA-B08:10,0
HLA-B08:100,0
HLA-B08:101,0
HLA-B08:102,0
HLA-B08:103,0
HLA-B08:104,0
HLA-B08:105,0
HLA-B08:106,0
HLA-B08:107,0
HLA-B08:108,0
HLA-B08:109,0
HLA-B08:11,0
HLA-B08:110,0
HLA-B08:111,0
HLA-B08:112,0
HLA-B08:113,0
HLA-B08:114,0
HLA-B08:115,0
HLA-B08:116,0
HLA-B08:117,0
HLA-B08:118,0
HLA-B08:119,0
HLA-B08:12,0.002
HLA-B08:120,0
HLA-B08:121,0
HLA-B08:122,0
HLA-B08:123,0
HLA-B08:124,0
HLA-B08:125,0
HLA-B08:126,0
HLA-B08:127,0
HLA-B08:128,0
HLA-B08:129,0
HLA-B08:13,0.001
HLA-B08:130,0
HLA-B08:131,0
HLA-B08:132,0
HLA-B08:133,0
HLA-B08:134,0
HLA-B08:135,0
HLA-B08:136,0
HLA-B08:137,0
HLA-B08:138,0
HLA-B08:139,0
HLA-B08:14,0
HLA-B08:140,0
HLA-B08:141,0
HLA-B08:142,0
HLA-B08:143,0
HLA-B08:144,0
HLA-B08:145,0
HLA-B08:146,0
HLA-B08:147,0
HLA-B08:149,0
HLA-B08:15,0
HLA-B08:150,0
HLA-B08:151,0
HLA-B08:152,0
HLA-B08:153,0
HLA-B08:154,0
HLA-B08:155,0
HLA-B08:156,0.002
HLA-B08:157,0
HLA-B08:158,0
HLA-B08:159,0
HLA-B08:16,0.001
HLA-B08:160,0
HLA-B08:161,0
HLA-B08:162,0
HLA-B08:163,0
HLA-B08:164,0
HLA-B08:165,0
HLA-B08:166,0
HLA-B08:167,0
HLA-B08:168,0
HLA-B08:169,0
HLA-B08:17,0.32
HLA-B08:170,0
HLA-B08:171,0
HLA-B08:172,0
HLA-B08:173,0
HLA-B08:174,0
HLA-B08:175,0
HLA-B08:176,0
HLA-B08:177,0
HLA-B08:178,0
HLA-B08:179,0
HLA-B08:18,0.002
HLA-B08:180,0
HLA-B08:181,0
HLA-B08:182,0
HLA-B08:183,0
HLA-B08:184,0
HLA-B08:185,0
HLA-B08:186,0
HLA-B08:187,0
HLA-B08:188,0
HLA-B08:189,0
HLA-B08:190,0
HLA-B08:191,0
HLA-B08:192,0
HLA-B08:193,0
HLA-B08:194,0
HLA-B08:195,0
HLA-B08:196,0
HLA-B08:197,0
HLA-B08:198,0
HLA-B08:199,0
HLA-B08:20,0.002
HLA-B08:200,0
HLA-B08:201,0
HLA-B08:202,0
HLA-B08:203,0
HLA-B08:204,0
HLA-B08:205,0
HLA-B08:206,0
HLA-B08:207,0
HLA-B08:208,0
HLA-B08:209,0
HLA-B08:21,0
HLA-B08:210,0
HLA-B08:211,0
HLA-B08:212,0
HLA-B08:213,0
HLA-B08:216,0
HLA-B08:217,0
HLA-B08:218,0
HLA-B08:219,0
HLA-B08:22,0.001
HLA-B08:221,0
HLA-B08:222,0
HLA-B08:223,0
HLA-B08:224,0
HLA-B08:23,0
HLA-B08:24,0.002
HLA-B08:25,0.001
HLA-B08:26,0
HLA-B08:27,0
HLA-B08:28,0
HLA-B08:29,0
HLA-B08:31,0
HLA-B08:32,0
HLA-B08:33,0
HLA-B08:34,0
HLA-B08:35,0
HLA-B08:36,0
HLA-B08:37,0
HLA-B08:38,0.002
HLA-B08:39,0
HLA-B08:40,0.32
HLA-B08:41,0
HLA-B08:42,0
HLA-B08:43,0
HLA-B08:44,0
HLA-B08:45,0
HLA-B08:46,0
HLA-B08:47,0
HLA-B08:48,0
HLA-B08:49,0
HLA-B08:50,2.12
HLA-B08:51,0
HLA-B08:52,0
HLA-B08:53,0
HLA-B08:54,0
HLA-B08:55,0
HLA-B08:56,0
HLA-B08:57,0
HLA-B08:58,0
HLA-B08:59,0
HLA-B08:60,0
HLA-B08:61,0
HLA-B08:62,0
HLA-B08:63,0
HLA-B08:64,0
HLA-B08:65,0
HLA-B08:66,0
HLA-B08:68,0
HLA-B08:69,0
HLA-B08:70,0
HLA-B08:71,0
HLA-B08:73,0
HLA-B08:74,0
HLA-B08:75,0
HLA-B08:76,0
HLA-B08:77,0
HLA-B08:78,0
HLA-B08:79,0
HLA-B08:80,0.006
HLA-B08:81,0
HLA-B08:83,0
HLA-B08:84,0
HLA-B08:85,0
HLA-B08:87,0
HLA-B08:88,0
HLA-B08:89,0
HLA-B08:90,0
HLA-B08:91,0
HLA-B08:92,0
HLA-B08:93,0
HLA-B08:94,0
HLA-B08:95,0
HLA-B08:96,0
HLA-B08:97,0
HLA-B08:98,0
HLA-B08:99,0
HLA-B13:01,0.321
HLA-B13:02,2.752
HLA-B13:03,0.001
HLA-B13:04,0.001
HLA-B13:06,0.004
HLA-B13:08,0.01
HLA-B13:09,0
HLA-B13:10,0
HLA-B13:100,0
HLA-B13:101,0
HLA-B13:102,0
HLA-B13:104,0
HLA-B13:105,0
HLA-B13:106,0
HLA-B13:107,0
HLA-B13:108,0
HLA-B13:109,0
HLA-B13:11,0
HLA-B13:110,0
HLA-B13:111,0
HLA-B13:112,0
HLA-B13:113,0
HLA-B13:114,0
HLA-B13:115,0
HLA-B13:117,0
HLA-B13:118,0
HLA-B13:119,0
HLA-B13:12,0.004
HLA-B13:120,0
HLA-B13:121,0
HLA-B13:122,0
HLA-B13:124,0
HLA-B13:125,0
HLA-B13:126,0
HLA-B13:127,0
HLA-B13:128,0
HLA-B13:129,0
HLA-B13:13,0.6
HLA-B13:130,0
HLA-B13:14,0
HLA-B13:15,0
HLA-B13:16,0
HLA-B13:17,0
HLA-B13:18,0
HLA-B13:19,0
HLA-B13:20,0.001
HLA-B13:21,0.001
HLA-B13:22,0.002
HLA-B13:23,0.001
HLA-B13:25,0
HLA-B13:26,0.019
HLA-B13:27,0
HLA-B13:28,0
HLA-B13:29,0
HLA-B13:30,0
HLA-B13:31,0
HLA-B13:32,0
HLA-B13:33,0
HLA-B13:34,0
HLA-B13:35,0
HLA-B13:36,0
HLA-B13:37,0
HLA-B13:38,3.151
HLA-B13:39,0
HLA-B13:40,0
HLA-B13:41,0
HLA-B13:42,0
HLA-B13:43,0
HLA-B13:44,0
HLA-B13:45,0
HLA-B13:46,0
HLA-B13:47,0
HLA-B13:48,0
HLA-B13:50,0.009
HLA-B13:51,0
HLA-B13:52,0
HLA-B13:53,0
HLA-B13:54,0
HLA-B13:55,0
HLA-B13:57,0
HLA-B13:58,0
HLA-B13:59,0
HLA-B13:60,0
HLA-B13:61,0
HLA-B13:62,0
HLA-B13:64,0
HLA-B13:65,0
HLA-B13:66,0
HLA-B13:67,0
HLA-B13:68,0
HLA-B13:69,0
HLA-B13:70,0
HLA-B13:71,0
HLA-B13:72,0
HLA-B13:73,0
HLA-B13:74,0
HLA-B13:75,0
HLA-B13:77,0
HLA-B13:78,0
HLA-B13:79,0
HLA-B13:80,0
HLA-B13:81,0
HLA-B13:82,0
HLA-B13:83,0
HLA-B13:84,0
HLA-B13:85,0
HLA-B13:86,0
HLA-B13:87,0
HLA-B13:88,0
HLA-B13:89,0
HLA-B13:90,0
HLA-B13:91,0
HLA-B13:92,0
HLA-B13:93,0
HLA-B13:94,0
HLA-B13:95,0
HLA-B13:96,0
HLA-B13:97,0
HLA-B13:98,0
HLA-B13:99,0
HLA-B14:01,0.639
HLA-B14:02,2.236
HLA-B14:03,0.022
HLA-B14:04,0.002
HLA-B14:05,0.01
HLA-B14:06,0.001
HLA-B14:08,0
HLA-B14:09,0.001
HLA-B14:10,0
HLA-B14:11,1.923
HLA-B14:12,0.001
HLA-B14:13,0
HLA-B14:14,0.002
HLA-B14:15,0.005
HLA-B14:16,0.001
HLA-B14:17,0
HLA-B14:18,0.002
HLA-B14:19,0
HLA-B14:20,0.002
HLA-B14:21,0
HLA-B14:22,0
HLA-B14:23,0.001
HLA-B14:24,0.002
HLA-B14:25,0.014
HLA-B14:26,0.001
HLA-B14:27,0
HLA-B14:28,0
HLA-B14:29,0
HLA-B14:30,0
HLA-B14:31,0
HLA-B14:32,0.001
HLA-B14:33,0
HLA-B14:34,0.001
HLA-B14:35,0.001
HLA-B14:36,0.001
HLA-B14:37,0.001
HLA-B14:38,0.001
HLA-B14:39,0
HLA-B14:40,0
HLA-B14:42,0
HLA-B14:43,0
HLA-B14:44,0
HLA-B14:45,0
HLA-B14:46,0
HLA-B14:47,0
HLA-B14:48,0
HLA-B14:49,0
HLA-B14:50,0
HLA-B14:51,0
HLA-B14:52,0
HLA-B14:53,0
HLA-B14:54,0
HLA-B14:55,0
HLA-B14:56,0
HLA-B14:57,0
HLA-B14:58,0
HLA-B14:59,0
HLA-B14:60,0
HLA-B14:61,0
HLA-B14:62,0
HLA-B14:63,0
HLA-B14:64,0
HLA-B14:65,0
HLA-B14:66,0
HLA-B14:67,0
HLA-B14:68,0
HLA-B15:01,5.705
HLA-B15:02,0.393
HLA-B15:03,0.673
HLA-B15:04,0.016
HLA-B15:05,0.02
HLA-B15:06,0.011
HLA-B15:07,0.07
HLA-B15:08,0.031
HLA-B15:09,0.034
HLA-B15:10,0.321
HLA-B15:101,0
HLA-B15:102,0
HLA-B15:103,0.32
HLA-B15:104,0
HLA-B15:105,0
HLA-B15:106,0
HLA-B15:107,0
HLA-B15:108,0
HLA-B15:109,0.001
HLA-B15:11,0.058
HLA-B15:110,0.002
HLA-B15:112,0
HLA-B15:113,0
HLA-B15:114,0.002
HLA-B15:115,0
HLA-B15:116,0
HLA-B15:117,0
HLA-B15:118,0
HLA-B15:119,0
HLA-B15:12,0.025
HLA-B15:120,0
HLA-B15:121,0
HLA-B15:122,0.001
HLA-B15:123,0.001
HLA-B15:124,0
HLA-B15:125,0.001
HLA-B15:126,0
HLA-B15:127,0
HLA-B15:128,0
HLA-B15:129,0
HLA-B15:13,0.031
HLA-B15:131,0
HLA-B15:132,0.002
HLA-B15:133,0
HLA-B15:134,0
HLA-B15:135,0.001
HLA-B15:136,0
HLA-B15:137,0.022
HLA-B15:138,0.002
HLA-B15:139,0
HLA-B15:14,0.001
HLA-B15:140,0
HLA-B15:141,0
HLA-B15:142,0.002
HLA-B15:143,0.001
HLA-B15:144,0.477
HLA-B15:145,0
HLA-B15:146,0.02
HLA-B15:147,0
HLA-B15:148,0
HLA-B15:15,0.063
HLA-B15:150,0.006
HLA-B15:151,0
HLA-B15:152,0
HLA-B15:153,0.001
HLA-B15:154,0
HLA-B15:155,0
HLA-B15:156,0
HLA-B15:157,0.001
HLA-B15:158,0
HLA-B15:159,0.001
HLA-B15:16,0.197
HLA-B15:160,0
HLA-B15:161,0.315
HLA-B15:162,0.008
HLA-B15:163,0
HLA-B15:164,0
HLA-B15:165,0.041
HLA-B15:166,0
HLA-B15:167,0
HLA-B15:168,0
HLA-B15:169,0
HLA-B15:17,0.5
HLA-B15:170,0.002
HLA-B15:171,0
HLA-B15:172,0
HLA-B15:173,0
HLA-B15:174,0
HLA-B15:175,0.002
HLA-B15:176,0
HLA-B15:177,0
HLA-B15:178,0.001
HLA-B15:179,0
HLA-B15:18,0.281
HLA-B15:180,0
HLA-B15:183,0.46
HLA-B15:184,0.001
HLA-B15:185,0
HLA-B15:186,0
HLA-B15:187,0
HLA-B15:188,0.002
HLA-B15:189,0
HLA-B15:19,0.143
HLA-B15:191,0.001
HLA-B15:192,0.01
HLA-B15:193,0.011
HLA-B15:194,0.009
HLA-B15:195,0
HLA-B15:196,0
HLA-B15:197,0
HLA-B15:198,0.102
HLA-B15:199,0
HLA-B15:20,0.001
HLA-B15:200,0
HLA-B15:201,0
HLA-B15:202,0
HLA-B15:203,0.021
HLA-B15:204,0
HLA-B15:205,0
HLA-B15:206,0
HLA-B15:207,0
HLA-B15:208,0
HLA-B15:21,0.04
HLA-B15:210,0
HLA-B15:211,0
HLA-B15:212,0
HLA-B15:213,0
HLA-B15:214,0
HLA-B15:215,0
HLA-B15:216,0
HLA-B15:217,0
HLA-B15:219,0.001
HLA-B15:220,0.038
HLA-B15:221,0
HLA-B15:222,0
HLA-B15:223,0.002
HLA-B15:224,0
HLA-B15:225,0
HLA-B15:227,0
HLA-B15:228,0
HLA-B15:229,0.004
HLA-B15:23,0.005
HLA-B15:230,0
HLA-B15:231,0.803
HLA-B15:232,0
HLA-B15:233,0
HLA-B15:234,0
HLA-B15:235,0
HLA-B15:236,0
HLA-B15:237,0
HLA-B15:238,0
HLA-B15:239,0
HLA-B15:24,0.04
HLA-B15:240,0
HLA-B15:241,0
HLA-B15:242,0
HLA-B15:243,0
HLA-B15:244,0
HLA-B15:247,0
HLA-B15:248,0
HLA-B15:249,0
HLA-B15:25,0.076
HLA-B15:250,0
HLA-B15:251,0
HLA-B15:252,0
HLA-B15:253,0
HLA-B15:254,0
HLA-B15:255,0
HLA-B15:256,0
HLA-B15:257,0
HLA-B15:259,0
HLA-B15:260,0
HLA-B15:261,0
HLA-B15:263,0
HLA-B15:264,0.023
HLA-B15:265,0
HLA-B15:266,0
HLA-B15:267,0
HLA-B15:268,0
HLA-B15:269,0
HLA-B15:27,0.035
HLA-B15:270,0
HLA-B15:271,0
HLA-B15:273,0
HLA-B15:274,0
HLA-B15:275,0
HLA-B15:276,0
HLA-B15:277,0
HLA-B15:278,0
HLA-B15:279,0
HLA-B15:28,0.003
HLA-B15:280,0
HLA-B15:281,0
HLA-B15:282,0
HLA-B15:283,0
HLA-B15:284,0
HLA-B15:285,0
HLA-B15:286,0
HLA-B15:287,0
HLA-B15:288,0
HLA-B15:289,0
HLA-B15:29,0.015
HLA-B15:290,0
HLA-B15:291,0
HLA-B15:292,0
HLA-B15:293,0
HLA-B15:295,0.002
HLA-B15:296,0
HLA-B15:297,0
HLA-B15:298,0.002
HLA-B15:299,0.002
HLA-B15:30,0.033
HLA-B15:300,0.002
HLA-B15:301,0.002
HLA-B15:303,0.002
HLA-B15:305,0
HLA-B15:306,0
HLA-B15:307,0
HLA-B15:308,0
HLA-B15:309,0
HLA-B15:31,0.005
HLA-B15:310,0
HLA-B15:311,0
HLA-B15:312,0
HLA-B15:313,0
HLA-B15:314,0
HLA-B15:315,0
HLA-B15:316,0
HLA-B15:317,0
HLA-B15:318,0
HLA-B15:319,0
HLA-B15:32,0.005
HLA-B15:320,0
HLA-B15:322,0
HLA-B15:323,0
HLA-B15:324,0
HLA-B15:325,0
HLA-B15:326,0
HLA-B15:327,0
HLA-B15:328,0
HLA-B15:329,0
HLA-B15:33,0.005
HLA-B15:330,0
HLA-B15:331,0
HLA-B15:332,0
HLA-B15:333,0
HLA-B15:334,0
HLA-B15:335,0
HLA-B15:336,0
HLA-B15:337,0
HLA-B15:338,0
HLA-B15:339,0
HLA-B15:34,0.008
HLA-B15:340,0
HLA-B15:341,0
HLA-B15:342,0
HLA-B15:343,0
HLA-B15:344,0
HLA-B15:345,0
HLA-B15:346,0
HLA-B15:347,0
HLA-B15:348,0
HLA-B15:349,0
HLA-B15:35,0.071
HLA-B15:350,0
HLA-B15:351,0
HLA-B15:352,0
HLA-B15:353,0
HLA-B15:354,0
HLA-B15:355,0
HLA-B15:356,0
HLA-B15:357,0
HLA-B15:358,0
HLA-B15:359,0
HLA-B15:36,3.661
HLA-B15:360,0
HLA-B15:361,0
HLA-B15:362,0
HLA-B15:363,0
HLA-B15:364,0
HLA-B15:365,0
HLA-B15:366,0
HLA-B15:367,0
HLA-B15:368,0
HLA-B15:369,0
HLA-B15:37,0.007
HLA-B15:370,0
HLA-B15:371,0
HLA-B15:372,0
HLA-B15:373,0
HLA-B15:374,0
HLA-B15:376,0
HLA-B15:378,0
HLA-B15:379,0
HLA-B15:38,0.003
HLA-B15:381,0
HLA-B15:382,0
HLA-B15:383,0
HLA-B15:384,0
HLA-B15:385,0
HLA-B15:386,0
HLA-B15:387,0
HLA-B15:388,0
HLA-B15:389,0
HLA-B15:39,0.018
HLA-B15:390,0
HLA-B15:391,0
HLA-B15:392,0
HLA-B15:393,0
HLA-B15:394,0
HLA-B15:395,0
HLA-B15:396,0
HLA-B15:397,0
HLA-B15:398,0
HLA-B15:399,0
HLA-B15:40,0.006
HLA-B15:401,0
HLA-B15:402,0
HLA-B15:403,0
HLA-B15:404,0
HLA-B15:405,0
HLA-B15:406,0
HLA-B15:407,0
HLA-B15:408,0
HLA-B15:409,0
HLA-B15:410,0
HLA-B15:411,0
HLA-B15:412,0
HLA-B15:413,0
HLA-B15:414,0
HLA-B15:415,0
HLA-B15:416,0
HLA-B15:417,0
HLA-B15:418,0
HLA-B15:419,0
HLA-B15:42,0
HLA-B15:420,0
HLA-B15:421,0
HLA-B15:422,0
HLA-B15:423,0
HLA-B15:424,0
HLA-B15:425,0
HLA-B15:426,0
HLA-B15:427,0
HLA-B15:428,0
HLA-B15:429,0
HLA-B15:43,0
HLA-B15:430,0
HLA-B15:431,0
HLA-B15:432,0
HLA-B15:433,0
HLA-B15:434,0
HLA-B15:435,0
HLA-B15:436,0
HLA-B15:437,0
HLA-B15:438,0
HLA-B15:439,0
HLA-B15:44,0.012
HLA-B15:440,0
HLA-B15:441,0
HLA-B15:442,0
HLA-B15:443,0
HLA-B15:444,0
HLA-B15:445,0
HLA-B15:446,0
HLA-B15:447,0
HLA-B15:448,0
HLA-B15:449,0
HLA-B15:45,0.001
HLA-B15:450,0.009
HLA-B15:451,0
HLA-B15:452,0
HLA-B15:453,0
HLA-B15:455,0
HLA-B15:456,0
HLA-B15:457,0
HLA-B15:458,0
HLA-B15:459,0
HLA-B15:46,0.007
HLA-B15:460,0
HLA-B15:461,0
HLA-B15:462,0
HLA-B15:464,0
HLA-B15:465,0
HLA-B15:466,0
HLA-B15:467,0
HLA-B15:468,0
HLA-B15:469,0
HLA-B15:47,0.018
HLA-B15:470,0
HLA-B15:471,0
HLA-B15:472,0
HLA-B15:473,0
HLA-B15:474,0
HLA-B15:475,0
HLA-B15:476,0
HLA-B15:477,0
HLA-B15:478,0
HLA-B15:479,0
HLA-B15:48,0.005
HLA-B15:480,0
HLA-B15:481,0
HLA-B15:482,0
HLA-B15:484,0
HLA-B15:485,0.009
HLA-B15:486,0
HLA-B15:488,0
HLA-B15:489,0
HLA-B15:49,0
HLA-B15:490,0
HLA-B15:491,0
HLA-B15:492,0
HLA-B15:493,0
HLA-B15:494,0
HLA-B15:495,0
HLA-B15:497,0
HLA-B15:498,0
HLA-B15:50,0
HLA-B15:51,0
HLA-B15:52,0.01
HLA-B15:53,0
HLA-B15:54,0.006
HLA-B15:55,0.002
HLA-B15:56,0.001
HLA-B15:57,0
HLA-B15:58,0.005
HLA-B15:60,0
HLA-B15:61,0.001
HLA-B15:62,0.001
HLA-B15:63,0.001
HLA-B15:64,0
HLA-B15:65,0.001
HLA-B15:66,0.002
HLA-B15:67,0.01
HLA-B15:68,0.005
HLA-B15:69,0
HLA-B15:70,0
HLA-B15:71,0.003
HLA-B15:72,0.313
HLA-B15:73,0.001
HLA-B15:74,0
HLA-B15:75,0.005
HLA-B15:76,0
HLA-B15:77,0
HLA-B15:78,0.001
HLA-B15:80,0.004
HLA-B15:81,0.05
HLA-B15:82,0.004
HLA-B15:83,0
HLA-B15:84,0
HLA-B15:85,0.001
HLA-B15:86,0.001
HLA-B15:87,0.001
HLA-B15:88,0.001
HLA-B15:89,0.001
HLA-B15:90,0.3
HLA-B15:91,0
HLA-B15:92,0
HLA-B15:93,0.031
HLA-B15:95,0
HLA-B15:96,0
HLA-B15:97,0
HLA-B15:98,0
HLA-B15:99,0
HLA-B18:01,4.299
HLA-B18:02,0.016
HLA-B18:03,0.058
HLA-B18:04,0.004
HLA-B18:05,0.004
HLA-B18:06,0.001
HLA-B18:07,0.002
HLA-B18:08,0
HLA-B18:09,0
HLA-B18:10,0
HLA-B18:100,0
HLA-B18:101,0
HLA-B18:102,0
HLA-B18:103,0
HLA-B18:104,0
HLA-B18:105,0
HLA-B18:106,0
HLA-B18:107,0
HLA-B18:108,0
HLA-B18:109,0.002
HLA-B18:11,0
HLA-B18:110,0
HLA-B18:111,0
HLA-B18:112,0
HLA-B18:113,0
HLA-B18:114,0
HLA-B18:115,0
HLA-B18:116,0
HLA-B18:117,0
HLA-B18:118,0
HLA-B18:119,0
HLA-B18:12,0.001
HLA-B18:120,0
HLA-B18:121,0
HLA-B18:122,0
HLA-B18:123,0
HLA-B18:124,0
HLA-B18:125,0
HLA-B18:126,0
HLA-B18:127,0
HLA-B18:128,0
HLA-B18:129,0
HLA-B18:13,0.001
HLA-B18:130,0
HLA-B18:131,0
HLA-B18:132,0
HLA-B18:133,0
HLA-B18:134,0
HLA-B18:135,0
HLA-B18:136,0
HLA-B18:137,0
HLA-B18:139,0
HLA-B18:14,0.003
HLA-B18:140,0
HLA-B18:141,0
HLA-B18:142,0
HLA-B18:143,0
HLA-B18:144,0
HLA-B18:145,0
HLA-B18:146,0
HLA-B18:147,0
HLA-B18:148,0
HLA-B18:149,0
HLA-B18:15,0
HLA-B18:150,0
HLA-B18:151,0
HLA-B18:152,0
HLA-B18:153,0
HLA-B18:155,0
HLA-B18:156,0
HLA-B18:157,0
HLA-B18:158,0
HLA-B18:159,0
HLA-B18:160,0
HLA-B18:161,0
HLA-B18:18,0.002
HLA-B18:19,0.003
HLA-B18:20,0
HLA-B18:21,0.32
HLA-B18:22,0.002
HLA-B18:24,0
HLA-B18:25,0.001
HLA-B18:26,0
HLA-B18:27,0.001
HLA-B18:28,0.001
HLA-B18:29,0
HLA-B18:30,0
HLA-B18:31,0
HLA-B18:32,0.001
HLA-B18:33,0
HLA-B18:34,0
HLA-B18:35,0.32
HLA-B18:36,0
HLA-B18:37,0
HLA-B18:38,0
HLA-B18:39,0
HLA-B18:40,0
HLA-B18:41,0
HLA-B18:42,0
HLA-B18:43,0
HLA-B18:44,0
HLA-B18:45,0
HLA-B18:46,0
HLA-B18:47,0
HLA-B18:48,0
HLA-B18:49,0
HLA-B18:50,0
HLA-B18:51,0
HLA-B18:52,0
HLA-B18:53,0
HLA-B18:54,0
HLA-B18:55,0
HLA-B18:56,0
HLA-B18:57,0
HLA-B18:58,0
HLA-B18:59,0
HLA-B18:60,0
HLA-B18:61,0
HLA-B18:62,0
HLA-B18:63,0
HLA-B18:64,0
HLA-B18:65,0
HLA-B18:66,0
HLA-B18:67,0
HLA-B18:68,0
HLA-B18:69,0
HLA-B18:70,0
HLA-B18:71,0
HLA-B18:72,0
HLA-B18:73,0.002
HLA-B18:75,0
HLA-B18:76,0
HLA-B18:77,0
HLA-B18:78,0
HLA-B18:79,0
HLA-B18:80,0
HLA-B18:81,0
HLA-B18:82,0
HLA-B18:83,0
HLA-B18:84,0
HLA-B18:85,0
HLA-B18:86,0
HLA-B18:87,0.02
HLA-B18:88,0
HLA-B18:89,0
HLA-B18:90,0
HLA-B18:91,0
HLA-B18:92,0
HLA-B18:93,0
HLA-B18:95,0
HLA-B18:96,0
HLA-B18:97,0
HLA-B18:98,0
HLA-B18:99,0
HLA-B27:01,0.002
HLA-B27:02,0.528
HLA-B27:03,0.035
HLA-B27:04,0.09
HLA-B27:05,2.96
HLA-B27:06,0.036
HLA-B27:07,0.055
HLA-B27:08,0.004
HLA-B27:09,0.013
HLA-B27:10,0.005
HLA-B27:100,0
HLA-B27:101,0
HLA-B27:102,0
HLA-B27:103,0
HLA-B27:104,0
HLA-B27:105,0
HLA-B27:106,0
HLA-B27:107,0
HLA-B27:108,0
HLA-B27:109,0
HLA-B27:11,0.143
HLA-B27:110,0.61
HLA-B27:111,0
HLA-B27:112,0
HLA-B27:113,0
HLA-B27:114,0
HLA-B27:115,0
HLA-B27:116,0
HLA-B27:117,0
HLA-B27:118,0
HLA-B27:119,0
HLA-B27:12,0.01
HLA-B27:120,0
HLA-B27:121,0
HLA-B27:122,0
HLA-B27:123,0
HLA-B27:124,0
HLA-B27:125,0
HLA-B27:126,0
HLA-B27:127,0.016
HLA-B27:128,0
HLA-B27:129,0
HLA-B27:13,0.124
HLA-B27:130,0
HLA-B27:131,0
HLA-B27:132,0
HLA-B27:133,0.417
HLA-B27:134,0
HLA-B27:135,0
HLA-B27:136,0
HLA-B27:137,0
HLA-B27:138,0
HLA-B27:139,0
HLA-B27:14,0.012
HLA-B27:140,0
HLA-B27:141,0
HLA-B27:142,0
HLA-B27:143,0
HLA-B27:144,0
HLA-B27:145,0
HLA-B27:146,0
HLA-B27:147,0
HLA-B27:148,0
HLA-B27:149,0
HLA-B27:15,0.007
HLA-B27:150,0
HLA-B27:151,0
HLA-B27:152,0
HLA-B27:153,0
HLA-B27:154,0
HLA-B27:155,0
HLA-B27:156,0
HLA-B27:157,0
HLA-B27:158,0
HLA-B27:159,0
HLA-B27:16,0
HLA-B27:160,0
HLA-B27:161,0
HLA-B27:162,0
HLA-B27:163,0
HLA-B27:164,0
HLA-B27:165,0
HLA-B27:166,0
HLA-B27:167,0
HLA-B27:168,0
HLA-B27:169,0
HLA-B27:17,0
HLA-B27:170,0
HLA-B27:171,0
HLA-B27:172,0
HLA-B27:173,0
HLA-B27:174,0
HLA-B27:175,0.01
HLA-B27:177,0
HLA-B27:178,0
HLA-B27:179,0
HLA-B27:18,0.002
HLA-B27:180,0
HLA-B27:181,0
HLA-B27:182,0
HLA-B27:183,0
HLA-B27:184,0
HLA-B27:185,0
HLA-B27:186,0
HLA-B27:187,0
HLA-B27:188,0
HLA-B27:19,0
HLA-B27:20,0.016
HLA-B27:21,0.1
HLA-B27:23,0
HLA-B27:24,0.008
HLA-B27:25,0.002
HLA-B27:26,0.001
HLA-B27:27,0
HLA-B27:28,0
HLA-B27:29,0
HLA-B27:30,0
HLA-B27:31,0
HLA-B27:32,0
HLA-B27:33,0
HLA-B27:34,0
HLA-B27:35,0
HLA-B27:36,0.003
HLA-B27:37,0
HLA-B27:38,0
HLA-B27:39,0.001
HLA-B27:40,0.001
HLA-B27:41,0
HLA-B27:42,0
HLA-B27:43,0
HLA-B27:44,0
HLA-B27:45,0
HLA-B27:46,0
HLA-B27:47,0
HLA-B27:48,0
HLA-B27:49,0.001
HLA-B27:50,0
HLA-B27:51,0
HLA-B27:52,0
HLA-B27:53,0.001
HLA-B27:54,0.001
HLA-B27:55,0
HLA-B27:56,0
HLA-B27:57,0.002
HLA-B27:58,0
HLA-B27:60,0
HLA-B27:61,0.002
HLA-B27:62,0
HLA-B27:63,0.001
HLA-B27:67,0
HLA-B27:68,0
HLA-B27:69,0
HLA-B27:70,0
HLA-B27:71,0
HLA-B27:72,0
HLA-B27:73,0
HLA-B27:74,0
HLA-B27:75,0
HLA-B27:76,0
HLA-B27:77,0
HLA-B27:78,0
HLA-B27:79,0.002
HLA-B27:80,0
HLA-B27:81,0.002
HLA-B27:82,0
HLA-B27:83,0
HLA-B27:84,0
HLA-B27:85,0.006
HLA-B27:86,0
HLA-B27:87,0
HLA-B27:88,0
HLA-B27:89,0
HLA-B27:90,0
HLA-B27:91,0
HLA-B27:92,0
HLA-B27:93,0
HLA-B27:95,0
HLA-B27:96,0
HLA-B27:97,0
HLA-B27:98,0
HLA-B27:99,0
HLA-B35:01,5.83
HLA-B35:02,0.866
HLA-B35:03,1.914
HLA-B35:04,0.021
HLA-B35:05,0.141
HLA-B35:06,0.004
HLA-B35:07,0.084
HLA-B35:08,0.672
HLA-B35:09,0.002
HLA-B35:10,0.004
HLA-B35:100,0
HLA-B35:101,0
HLA-B35:102,0.003
HLA-B35:103,0.15
HLA-B35:104,0
HLA-B35:105,0
HLA-B35:106,0
HLA-B35:107,0
HLA-B35:108,0
HLA-B35:109,0
HLA-B35:11,0.004
HLA-B35:110,0
HLA-B35:111,0
HLA-B35:112,0
HLA-B35:113,0
HLA-B35:114,0
HLA-B35:115,0
HLA-B35:116,0
HLA-B35:117,0.001
HLA-B35:118,0
HLA-B35:119,0
HLA-B35:12,0.16
HLA-B35:120,0
HLA-B35:121,0
HLA-B35:122,0
HLA-B35:123,0.15
HLA-B35:124,0
HLA-B35:125,0
HLA-B35:126,0
HLA-B35:127,0
HLA-B35:128,0
HLA-B35:13,0.003
HLA-B35:131,0
HLA-B35:132,0.001
HLA-B35:133,0
HLA-B35:135,0
HLA-B35:136,0
HLA-B35:137,0
HLA-B35:138,0
HLA-B35:139,0
HLA-B35:14,0.021
HLA-B35:140,0
HLA-B35:141,0
HLA-B35:142,0
HLA-B35:143,0
HLA-B35:144,0
HLA-B35:146,0
HLA-B35:147,0
HLA-B35:148,0
HLA-B35:149,0.001
HLA-B35:15,0
HLA-B35:150,0
HLA-B35:151,0
HLA-B35:152,0
HLA-B35:153,0
HLA-B35:154,0
HLA-B35:155,0
HLA-B35:156,0.002
HLA-B35:157,0
HLA-B35:158,0.001
HLA-B35:159,0
HLA-B35:16,0.007
HLA-B35:160,0
HLA-B35:161,0
HLA-B35:162,0
HLA-B35:163,0
HLA-B35:164,0
HLA-B35:166,0
HLA-B35:167,0
HLA-B35:168,0
HLA-B35:169,0
HLA-B35:17,0.061
HLA-B35:170,0
HLA-B35:171,0
HLA-B35:172,0
HLA-B35:174,0
HLA-B35:175,0
HLA-B35:176,0
HLA-B35:177,0
HLA-B35:178,0
HLA-B35:179,0
HLA-B35:18,0.003
HLA-B35:180,0
HLA-B35:181,0
HLA-B35:182,0
HLA-B35:183,0
HLA-B35:184,0
HLA-B35:185,0
HLA-B35:186,0
HLA-B35:187,0
HLA-B35:188,0
HLA-B35:189,0.15
HLA-B35:19,0.006
HLA-B35:190,0
HLA-B35:191,0.003
HLA-B35:192,0
HLA-B35:193,0
HLA-B35:194,0
HLA-B35:195,0
HLA-B35:196,0
HLA-B35:197,0
HLA-B35:198,0
HLA-B35:199,0
HLA-B35:20,0.014
HLA-B35:200,0
HLA-B35:201,0
HLA-B35:202,0
HLA-B35:203,0
HLA-B35:204,0
HLA-B35:205,0
HLA-B35:206,0
HLA-B35:207,0
HLA-B35:208,0
HLA-B35:209,0
HLA-B35:21,0.004
HLA-B35:210,0
HLA-B35:211,0
HLA-B35:212,0
HLA-B35:213,0
HLA-B35:214,0.002
HLA-B35:215,0
HLA-B35:217,0
HLA-B35:218,0.002
HLA-B35:219,0
HLA-B35:22,0.003
HLA-B35:220,0
HLA-B35:221,0
HLA-B35:222,0
HLA-B35:223,0
HLA-B35:224,0.003
HLA-B35:225,0
HLA-B35:226,0
HLA-B35:227,0
HLA-B35:228,0
HLA-B35:229,0
HLA-B35:23,0.005
HLA-B35:230,0
HLA-B35:231,0
HLA-B35:232,0
HLA-B35:233,0
HLA-B35:234,0
HLA-B35:235,0.02
HLA-B35:236,0.002
HLA-B35:237,0
HLA-B35:238,0
HLA-B35:239,0
HLA-B35:24,0.005
HLA-B35:240,0
HLA-B35:241,0
HLA-B35:242,0
HLA-B35:243,0
HLA-B35:244,0
HLA-B35:245,0
HLA-B35:246,0
HLA-B35:247,0
HLA-B35:248,0
HLA-B35:249,0
HLA-B35:25,0
HLA-B35:250,0
HLA-B35:251,0
HLA-B35:252,0
HLA-B35:253,0
HLA-B35:254,0
HLA-B35:255,0
HLA-B35:256,0
HLA-B35:257,0
HLA-B35:258,0
HLA-B35:259,0
HLA-B35:26,0.001
HLA-B35:260,0
HLA-B35:261,0
HLA-B35:262,0
HLA-B35:263,0
HLA-B35:264,0
HLA-B35:265,0
HLA-B35:266,0
HLA-B35:267,0
HLA-B35:268,0
HLA-B35:269,0
HLA-B35:27,0.005
HLA-B35:270,0
HLA-B35:271,0
HLA-B35:272,0
HLA-B35:273,0
HLA-B35:274,0
HLA-B35:275,0
HLA-B35:276,0
HLA-B35:277,0
HLA-B35:278,0
HLA-B35:279,0.031
HLA-B35:28,0.01
HLA-B35:280,0
HLA-B35:281,0
HLA-B35:282,0
HLA-B35:283,0
HLA-B35:284,0
HLA-B35:285,0
HLA-B35:286,0.016
HLA-B35:287,0
HLA-B35:288,0
HLA-B35:289,0
HLA-B35:29,0
HLA-B35:290,0
HLA-B35:291,0
HLA-B35:292,0
HLA-B35:293,0
HLA-B35:294,0
HLA-B35:295,0
HLA-B35:296,0
HLA-B35:297,0
HLA-B35:298,0
HLA-B35:299,0
HLA-B35:30,0.003
HLA-B35:300,0
HLA-B35:301,0
HLA-B35:302,0
HLA-B35:303,0
HLA-B35:304,0
HLA-B35:305,0
HLA-B35:306,0
HLA-B35:307,0
HLA-B35:308,0
HLA-B35:309,0
HLA-B35:31,0.003
HLA-B35:310,0
HLA-B35:311,0
HLA-B35:312,0
HLA-B35:313,0
HLA-B35:314,0
HLA-B35:315,0
HLA-B35:316,0
HLA-B35:317,0
HLA-B35:318,0
HLA-B35:319,0
HLA-B35:32,0.001
HLA-B35:320,0
HLA-B35:321,0
HLA-B35:322,0
HLA-B35:323,0
HLA-B35:324,0
HLA-B35:325,0
HLA-B35:326,0
HLA-B35:327,0
HLA-B35:328,0
HLA-B35:329,0
HLA-B35:33,0
HLA-B35:330,0
HLA-B35:331,0
HLA-B35:332,0
HLA-B35:334,0
HLA-B35:335,0
HLA-B35:336,0
HLA-B35:337,0
HLA-B35:338,0
HLA-B35:339,0
HLA-B35:34,0.002
HLA-B35:340,0
HLA-B35:341,0
HLA-B35:342,0
HLA-B35:343,0
HLA-B35:344,0
HLA-B35:345,0
HLA-B35:346,0
HLA-B35:347,0
HLA-B35:348,0
HLA-B35:349,0
HLA-B35:35,0.01
HLA-B35:350,0
HLA-B35:351,0
HLA-B35:352,0
HLA-B35:353,0
HLA-B35:354,0
HLA-B35:355,0
HLA-B35:356,0
HLA-B35:357,0
HLA-B35:358,0
HLA-B35:359,0
HLA-B35:36,0.001
HLA-B35:360,0
HLA-B35:361,0
HLA-B35:362,0
HLA-B35:363,0
HLA-B35:364,0
HLA-B35:365,0
HLA-B35:366,0
HLA-B35:367,0
HLA-B35:368,0
HLA-B35:369,0.01
HLA-B35:37,0
HLA-B35:370,0
HLA-B35:371,0
HLA-B35:372,0
HLA-B35:373,0
HLA-B35:374,0
HLA-B35:375,0
HLA-B35:376,0
HLA-B35:377,0
HLA-B35:378,0
HLA-B35:379,0
HLA-B35:38,0
HLA-B35:380,0
HLA-B35:382,0
HLA-B35:383,0
HLA-B35:384,0
HLA-B35:385,0
HLA-B35:386,0
HLA-B35:387,0
HLA-B35:388,0
HLA-B35:389,0
HLA-B35:39,0
HLA-B35:391,0
HLA-B35:392,0
HLA-B35:393,0
HLA-B35:394,0
HLA-B35:395,0
HLA-B35:396,0
HLA-B35:397,0
HLA-B35:398,0
HLA-B35:399,0
HLA-B35:400,0
HLA-B35:401,0
HLA-B35:402,0
HLA-B35:403,0
HLA-B35:404,0
HLA-B35:405,0
HLA-B35:406,0
HLA-B35:407,0
HLA-B35:408,0
HLA-B35:409,0
HLA-B35:41,0.002
HLA-B35:410,0
HLA-B35:411,0
HLA-B35:412,0
HLA-B35:413,0
HLA-B35:42,1.5
HLA-B35:43,0.075
HLA-B35:44,0.004
HLA-B35:45,0
HLA-B35:46,0.1
HLA-B35:47,0.001
HLA-B35:48,0.003
HLA-B35:49,0.002
HLA-B35:50,0
HLA-B35:51,0.001
HLA-B35:52,0
HLA-B35:54,0
HLA-B35:55,0
HLA-B35:56,0
HLA-B35:57,0.78
HLA-B35:58,0.001
HLA-B35:59,0.001
HLA-B35:60,0.258
HLA-B35:61,1.831
HLA-B35:62,0
HLA-B35:63,0
HLA-B35:64,0.01
HLA-B35:66,0.002
HLA-B35:67,0
HLA-B35:68,0.001
HLA-B35:69,0
HLA-B35:70,0
HLA-B35:71,0
HLA-B35:72,0.003
HLA-B35:74,0
HLA-B35:75,0
HLA-B35:76,0
HLA-B35:77,0.001
HLA-B35:78,0.021
HLA-B35:79,0.236
HLA-B35:80,0
HLA-B35:81,0
HLA-B35:82,0
HLA-B35:83,0
HLA-B35:84,0
HLA-B35:85,0
HLA-B35:86,0
HLA-B35:87,0
HLA-B35:88,0
HLA-B35:89,2
HLA-B35:90,0
HLA-B35:91,0.113
HLA-B35:92,0
HLA-B35:93,0
HLA-B35:94,0
HLA-B35:95,0
HLA-B35:96,0
HLA-B35:97,0
HLA-B35:98,0
HLA-B35:99,0.002
HLA-B37:01,1.278
HLA-B37:02,0.004
HLA-B37:04,0.002
HLA-B37:05,0
HLA-B37:06,0
HLA-B37:07,0
HLA-B37:08,0
HLA-B37:09,0
HLA-B37:10,0
HLA-B37:11,0
HLA-B37:12,0
HLA-B37:13,0
HLA-B37:14,0.185
HLA-B37:15,0
HLA-B37:17,0
HLA-B37:18,0
HLA-B37:19,0
HLA-B37:20,0
HLA-B37:21,0
HLA-B37:22,0
HLA-B37:23,0
HLA-B37:24,0
HLA-B37:25,0
HLA-B37:26,0
HLA-B37:27,0
HLA-B37:28,0
HLA-B37:29,0
HLA-B37:31,0
HLA-B37:32,0
HLA-B37:34,0
HLA-B37:35,0
HLA-B37:36,0
HLA-B37:37,0
HLA-B37:38,0
HLA-B37:39,0
HLA-B37:40,0
HLA-B37:41,0
HLA-B37:43,0
HLA-B37:44,0
HLA-B37:45,0
HLA-B37:46,0
HLA-B37:47,0
HLA-B37:48,0
HLA-B37:49,0
HLA-B37:50,0
HLA-B37:51,0
HLA-B37:52,0
HLA-B37:53,0
HLA-B37:54,0
HLA-B37:55,0
HLA-B37:56,0
HLA-B37:57,0
HLA-B37:58,0
HLA-B37:59,0
HLA-B37:60,0
HLA-B37:61,0
HLA-B37:62,0
HLA-B37:63,0
HLA-B37:64,0
HLA-B37:65,0
HLA-B37:66,0
HLA-B37:67,0
HLA-B37:68,0
HLA-B37:69,0
HLA-B37:70,0
HLA-B37:71,0
HLA-B37:72,0
HLA-B37:73,0
HLA-B37:74,0
HLA-B37:75,0
HLA-B37:76,0
HLA-B37:77,0
HLA-B37:78,0
HLA-B37:80,0
HLA-B38:01,2.016
HLA-B38:02,0.301
HLA-B38:03,0
HLA-B38:04,0.005
HLA-B38:05,0.001
HLA-B38:06,0.001
HLA-B38:07,0
HLA-B38:08,0
HLA-B38:09,0.001
HLA-B38:10,0
HLA-B38:11,0
HLA-B38:12,0
HLA-B38:13,0
HLA-B38:14,0
HLA-B38:15,0.001
HLA-B38:16,0
HLA-B38:17,0
HLA-B38:18,0
HLA-B38:19,0
HLA-B38:20,0
HLA-B38:21,0
HLA-B38:22,0
HLA-B38:23,0
HLA-B38:24,0
HLA-B38:25,0
HLA-B38:26,0
HLA-B38:27,0
HLA-B38:28,0
HLA-B38:29,0.005
HLA-B38:30,0
HLA-B38:31,0.004
HLA-B38:32,0
HLA-B38:33,0
HLA-B38:35,0
HLA-B38:36,0
HLA-B38:37,0
HLA-B38:38,0
HLA-B38:39,0
HLA-B38:40,0
HLA-B38:41,0
HLA-B38:42,0
HLA-B38:43,0
HLA-B38:44,0
HLA-B38:45,0
HLA-B38:46,0.499
HLA-B38:47,0.51
HLA-B38:48,0
HLA-B38:49,0
HLA-B38:50,0
HLA-B38:51,0
HLA-B38:52,0
HLA-B38:53,0
HLA-B38:54,0
HLA-B38:56,0
HLA-B38:57,0
HLA-B38:58,0
HLA-B38:59,0
HLA-B38:60,0
HLA-B38:61,0
HLA-B38:62,0
HLA-B38:63,0
HLA-B38:64,0
HLA-B38:65,0
HLA-B38:66,0
HLA-B38:67,0
HLA-B38:69,0
HLA-B38:70,0
HLA-B38:71,0
HLA-B38:72,0
HLA-B38:73,0
HLA-B38:74,0
HLA-B38:75,0
HLA-B38:76,0
HLA-B38:77,0
HLA-B38:78,0
HLA-B38:79,0
HLA-B38:81,0
HLA-B38:82,0
HLA-B39:01,1.193
HLA-B39:02,0.041
HLA-B39:03,0.006
HLA-B39:04,0.005
HLA-B39:05,0.221
HLA-B39:06,0.587
HLA-B39:07,0.036
HLA-B39:08,0.027
HLA-B39:09,0.015
HLA-B39:10,0.081
HLA-B39:100,0
HLA-B39:101,0
HLA-B39:102,0
HLA-B39:103,0
HLA-B39:104,0
HLA-B39:105,0
HLA-B39:106,0
HLA-B39:107,0
HLA-B39:108,0
HLA-B39:109,0
HLA-B39:11,0.014
HLA-B39:110,0
HLA-B39:111,0
HLA-B39:112,0.016
HLA-B39:113,0
HLA-B39:114,0
HLA-B39:115,0
HLA-B39:117,0
HLA-B39:118,0
HLA-B39:119,0
HLA-B39:12,0.001
HLA-B39:120,0
HLA-B39:121,0
HLA-B39:122,0
HLA-B39:123,0
HLA-B39:124,0
HLA-B39:125,0
HLA-B39:126,0
HLA-B39:127,0
HLA-B39:128,0
HLA-B39:129,0
HLA-B39:13,0.004
HLA-B39:130,0
HLA-B39:131,0
HLA-B39:132,0
HLA-B39:134,0
HLA-B39:135,0
HLA-B39:136,0
HLA-B39:137,0
HLA-B39:138,0
HLA-B39:14,0.002
HLA-B39:140,0
HLA-B39:141,0
HLA-B39:143,0
HLA-B39:15,0.003
HLA-B39:16,0
HLA-B39:17,0.003
HLA-B39:18,0
HLA-B39:19,0.001
HLA-B39:20,0.001
HLA-B39:22,0.005
HLA-B39:23,0.006
HLA-B39:24,0.035
HLA-B39:26,0
HLA-B39:27,0.294
HLA-B39:28,0.017
HLA-B39:29,0
HLA-B39:30,0
HLA-B39:31,0.006
HLA-B39:32,0
HLA-B39:33,0
HLA-B39:34,0
HLA-B39:35,0
HLA-B39:36,0.001
HLA-B39:37,0.002
HLA-B39:39,0.002
HLA-B39:41,0
HLA-B39:42,0
HLA-B39:43,0
HLA-B39:44,0
HLA-B39:45,0
HLA-B39:46,0
HLA-B39:47,0.002
HLA-B39:48,0
HLA-B39:49,0.001
HLA-B39:50,0
HLA-B39:51,0
HLA-B39:52,0.002
HLA-B39:53,0
HLA-B39:54,0.018
HLA-B39:55,0
HLA-B39:56,0
HLA-B39:57,0
HLA-B39:58,0
HLA-B39:59,0
HLA-B39:60,0
HLA-B39:61,0
HLA-B39:62,0
HLA-B39:63,0
HLA-B39:64,0
HLA-B39:65,0
HLA-B39:66,0
HLA-B39:67,0
HLA-B39:68,0.01
HLA-B39:69,0
HLA-B39:70,0
HLA-B39:71,0
HLA-B39:72,0
HLA-B39:73,0
HLA-B39:74,0
HLA-B39:75,0
HLA-B39:76,0.01
HLA-B39:77,0.041
HLA-B39:78,0
HLA-B39:79,0
HLA-B39:80,0
HLA-B39:81,0
HLA-B39:82,0
HLA-B39:83,0
HLA-B39:84,0
HLA-B39:85,0
HLA-B39:86,0.123
HLA-B39:88,0
HLA-B39:89,0
HLA-B39:90,0
HLA-B39:91,0
HLA-B39:92,0
HLA-B39:93,0
HLA-B39:94,0
HLA-B39:96,0
HLA-B39:98,0
HLA-B39:99,0.002
HLA-B40:01,4.655
HLA-B40:02,1.82
HLA-B40:03,0.016
HLA-B40:04,0.022
HLA-B40:05,0.049
HLA-B40:06,0.464
HLA-B40:07,0.001
HLA-B40:08,0.026
HLA-B40:09,0.003
HLA-B40:10,0.011
HLA-B40:100,0
HLA-B40:101,0
HLA-B40:102,0
HLA-B40:103,0
HLA-B40:104,0
HLA-B40:105,0
HLA-B40:106,0.001
HLA-B40:107,0
HLA-B40:108,0
HLA-B40:109,0
HLA-B40:11,0.011
HLA-B40:110,0.001
HLA-B40:111,0
HLA-B40:112,0
HLA-B40:113,0
HLA-B40:114,0
HLA-B40:115,0
HLA-B40:116,0
HLA-B40:117,0.001
HLA-B40:119,0.5
HLA-B40:12,0.009
HLA-B40:120,0
HLA-B40:121,0.015
HLA-B40:122,0.002
HLA-B40:123,0.001
HLA-B40:124,0.002
HLA-B40:125,0
HLA-B40:126,0.002
HLA-B40:127,0
HLA-B40:128,0.001
HLA-B40:129,0.147
HLA-B40:13,0.003
HLA-B40:130,0
HLA-B40:131,0
HLA-B40:132,0.021
HLA-B40:134,0
HLA-B40:135,0
HLA-B40:136,0.001
HLA-B40:137,0
HLA-B40:138,0
HLA-B40:139,0
HLA-B40:14,0
HLA-B40:140,0
HLA-B40:141,0
HLA-B40:143,0
HLA-B40:145,0
HLA-B40:146,0.001
HLA-B40:147,0
HLA-B40:148,0.001
HLA-B40:149,0
HLA-B40:15,0.004
HLA-B40:150,0
HLA-B40:151,0
HLA-B40:152,0
HLA-B40:153,0
HLA-B40:154,0
HLA-B40:155,0
HLA-B40:156,0
HLA-B40:157,0.001
HLA-B40:158,0
HLA-B40:159,0
HLA-B40:16,0.002
HLA-B40:160,0
HLA-B40:161,0
HLA-B40:162,0.001
HLA-B40:163,0
HLA-B40:164,0
HLA-B40:165,0
HLA-B40:166,0
HLA-B40:167,0
HLA-B40:168,0
HLA-B40:169,0
HLA-B40:170,0
HLA-B40:171,0
HLA-B40:172,0
HLA-B40:173,0
HLA-B40:174,0
HLA-B40:175,0
HLA-B40:176,0
HLA-B40:177,0
HLA-B40:178,0
HLA-B40:179,0
HLA-B40:18,0
HLA-B40:180,0
HLA-B40:181,0
HLA-B40:182,0
HLA-B40:183,0
HLA-B40:184,0
HLA-B40:185,0
HLA-B40:186,0
HLA-B40:187,0
HLA-B40:188,0
HLA-B40:189,0
HLA-B40:19,0.001
HLA-B40:190,0
HLA-B40:191,0
HLA-B40:192,0
HLA-B40:193,0
HLA-B40:194,0
HLA-B40:195,0
HLA-B40:196,0
HLA-B40:197,0
HLA-B40:198,0
HLA-B40:199,0
HLA-B40:20,0.007
HLA-B40:200,0
HLA-B40:201,0
HLA-B40:202,0
HLA-B40:203,0
HLA-B40:204,0
HLA-B40:205,0
HLA-B40:206,0
HLA-B40:207,0
HLA-B40:208,0.143
HLA-B40:209,0
HLA-B40:21,0.001
HLA-B40:210,0
HLA-B40:211,0
HLA-B40:212,0
HLA-B40:213,0
HLA-B40:214,0.01
HLA-B40:215,0
HLA-B40:217,0
HLA-B40:218,0
HLA-B40:219,0
HLA-B40:220,0
HLA-B40:221,0
HLA-B40:222,0.256
HLA-B40:223,0
HLA-B40:224,0
HLA-B40:225,0
HLA-B40:226,0
HLA-B40:227,0
HLA-B40:228,0
HLA-B40:229,0.038
HLA-B40:23,0.005
HLA-B40:230,0
HLA-B40:231,0
HLA-B40:232,0
HLA-B40:233,0
HLA-B40:234,0
HLA-B40:235,0
HLA-B40:236,0
HLA-B40:237,0
HLA-B40:238,0
HLA-B40:239,0
HLA-B40:24,0
HLA-B40:240,0
HLA-B40:241,0.03
HLA-B40:242,0
HLA-B40:243,0
HLA-B40:244,0
HLA-B40:245,0
HLA-B40:246,0
HLA-B40:247,0
HLA-B40:248,0
HLA-B40:249,0
HLA-B40:25,0
HLA-B40:250,0
HLA-B40:251,0
HLA-B40:252,0
HLA-B40:253,0
HLA-B40:254,0
HLA-B40:255,0
HLA-B40:257,0
HLA-B40:258,0
HLA-B40:259,0
HLA-B40:26,0.006
HLA-B40:260,0
HLA-B40:261,0
HLA-B40:262,0
HLA-B40:264,0
HLA-B40:266,0
HLA-B40:267,0
HLA-B40:268,2.742
HLA-B40:269,0
HLA-B40:27,0.007
HLA-B40:270,0
HLA-B40:271,0
HLA-B40:272,0
HLA-B40:273,0
HLA-B40:274,0
HLA-B40:275,0
HLA-B40:276,0
HLA-B40:277,0
HLA-B40:278,0
HLA-B40:279,0
HLA-B40:28,0
HLA-B40:280,0
HLA-B40:281,0
HLA-B40:282,0
HLA-B40:283,0
HLA-B40:284,0
HLA-B40:285,0
HLA-B40:287,0.016
HLA-B40:288,0
HLA-B40:289,0
HLA-B40:29,0
HLA-B40:290,0
HLA-B40:292,0
HLA-B40:293,0
HLA-B40:294,0
HLA-B40:295,0.002
HLA-B40:296,0
HLA-B40:297,0
HLA-B40:298,0
HLA-B40:299,0
HLA-B40:30,0
HLA-B40:300,0
HLA-B40:301,0
HLA-B40:302,0
HLA-B40:303,0
HLA-B40:304,0
HLA-B40:305,0
HLA-B40:306,0
HLA-B40:307,0
HLA-B40:308,0
HLA-B40:309,0
HLA-B40:31,0.001
HLA-B40:310,0
HLA-B40:311,0
HLA-B40:312,0
HLA-B40:313,0
HLA-B40:314,0
HLA-B40:315,0
HLA-B40:316,0
HLA-B40:317,0
HLA-B40:318,0
HLA-B40:319,0
HLA-B40:32,0.001
HLA-B40:320,0
HLA-B40:321,0
HLA-B40:322,0
HLA-B40:323,0
HLA-B40:324,0
HLA-B40:325,0
HLA-B40:326,0
HLA-B40:327,0
HLA-B40:328,0
HLA-B40:329,0
HLA-B40:33,0.001
HLA-B40:330,0
HLA-B40:331,0
HLA-B40:332,0
HLA-B40:333,0
HLA-B40:334,0
HLA-B40:335,0
HLA-B40:336,0
HLA-B40:339,0
HLA-B40:34,0
HLA-B40:340,0
HLA-B40:341,0
HLA-B40:342,0
HLA-B40:343,0
HLA-B40:344,0
HLA-B40:346,0
HLA-B40:347,0
HLA-B40:348,0
HLA-B40:349,0
HLA-B40:35,0.146
HLA-B40:350,0
HLA-B40:351,0
HLA-B40:352,0
HLA-B40:353,0
HLA-B40:354,0
HLA-B40:355,0
HLA-B40:356,0.016
HLA-B40:357,0
HLA-B40:358,0
HLA-B40:359,0
HLA-B40:36,0
HLA-B40:360,0
HLA-B40:362,0
HLA-B40:363,0
HLA-B40:364,0
HLA-B40:365,0
HLA-B40:366,0
HLA-B40:367,0
HLA-B40:368,0
HLA-B40:369,0
HLA-B40:37,0.001
HLA-B40:370,0
HLA-B40:371,0
HLA-B40:373,0
HLA-B40:374,0
HLA-B40:375,0
HLA-B40:376,0
HLA-B40:377,0
HLA-B40:378,0
HLA-B40:379,0
HLA-B40:38,0
HLA-B40:380,0
HLA-B40:381,0
HLA-B40:382,0
HLA-B40:383,0
HLA-B40:384,0
HLA-B40:385,0
HLA-B40:386,0
HLA-B40:387,0
HLA-B40:388,0
HLA-B40:389,0
HLA-B40:39,0.247
HLA-B40:390,0
HLA-B40:391,0
HLA-B40:392,0
HLA-B40:393,0
HLA-B40:394,0
HLA-B40:395,0
HLA-B40:396,0
HLA-B40:397,0
HLA-B40:398,0
HLA-B40:40,0.007
HLA-B40:400,0
HLA-B40:401,0
HLA-B40:402,0
HLA-B40:403,0
HLA-B40:404,0
HLA-B40:406,0
HLA-B40:407,0
HLA-B40:408,0
HLA-B40:409,0
HLA-B40:410,0
HLA-B40:411,0
HLA-B40:412,0
HLA-B40:413,0
HLA-B40:414,0
HLA-B40:42,0.001
HLA-B40:43,0
HLA-B40:44,0.001
HLA-B40:45,0.001
HLA-B40:46,0
HLA-B40:47,0
HLA-B40:48,0.004
HLA-B40:49,0.001
HLA-B40:50,0.002
HLA-B40:51,0.09
HLA-B40:52,0.003
HLA-B40:53,0.037
HLA-B40:54,0
HLA-B40:55,0.019
HLA-B40:56,0
HLA-B40:57,0.005
HLA-B40:58,0.23
HLA-B40:59,0
HLA-B40:60,0
HLA-B40:61,0
HLA-B40:62,0
HLA-B40:63,0.001
HLA-B40:64,0
HLA-B40:65,0
HLA-B40:66,0
HLA-B40:67,0
HLA-B40:68,0
HLA-B40:69,0
HLA-B40:70,0.21
HLA-B40:71,0.186
HLA-B40:72,0
HLA-B40:73,0.001
HLA-B40:74,0.001
HLA-B40:75,0
HLA-B40:76,0.002
HLA-B40:77,0
HLA-B40:78,0.001
HLA-B40:79,0
HLA-B40:80,0
HLA-B40:81,0
HLA-B40:82,0
HLA-B40:83,0.001
HLA-B40:84,0
HLA-B40:85,0
HLA-B40:86,0
HLA-B40:87,0
HLA-B40:88,0.258
HLA-B40:89,0
HLA-B40:90,0.001
HLA-B40:91,0
HLA-B40:92,0
HLA-B40:93,0
HLA-B40:94,0
HLA-B40:95,0.001
HLA-B40:96,0
HLA-B40:97,0
HLA-B40:98,0
HLA-B40:99,0.001
HLA-B41:01,0.567
HLA-B41:02,0.529
HLA-B41:03,0.014
HLA-B41:04,0
HLA-B41:05,0
HLA-B41:06,0.001
HLA-B41:07,0.003
HLA-B41:08,0
HLA-B41:09,0.001
HLA-B41:10,0
HLA-B41:11,0
HLA-B41:12,0
HLA-B41:13,0
HLA-B41:14,0.003
HLA-B41:15,0
HLA-B41:16,0
HLA-B41:17,0
HLA-B41:18,0.01
HLA-B41:19,0
HLA-B41:20,0
HLA-B41:21,0
HLA-B41:22,0
HLA-B41:23,1.07
HLA-B41:24,0
HLA-B41:25,0
HLA-B41:26,0
HLA-B41:27,0
HLA-B41:28,0.031
HLA-B41:29,0
HLA-B41:30,0
HLA-B41:31,0
HLA-B41:32,0
HLA-B41:33,0
HLA-B41:34,0
HLA-B41:35,0
HLA-B41:36,0
HLA-B41:37,0
HLA-B41:38,0
HLA-B41:39,0
HLA-B41:40,0
HLA-B41:41,0
HLA-B41:42,0
HLA-B41:43,0
HLA-B41:44,0
HLA-B41:46,0
HLA-B41:47,0
HLA-B41:48,0
HLA-B41:49,0
HLA-B41:50,0
HLA-B41:51,0
HLA-B41:52,0
HLA-B41:53,0
HLA-B41:54,0
HLA-B41:55,0
HLA-B41:56,0
HLA-B42:01,0.469
HLA-B42:02,0.081
HLA-B42:04,0
HLA-B42:05,0
HLA-B42:06,0
HLA-B42:07,0
HLA-B42:08,0.001
HLA-B42:09,0.001
HLA-B42:10,0
HLA-B42:11,0.001
HLA-B42:12,0.001
HLA-B42:13,0
HLA-B42:14,0.001
HLA-B42:15,0.001
HLA-B42:16,0.001
HLA-B42:17,0.001
HLA-B42:18,1.583
HLA-B42:19,0.001
HLA-B42:20,0.001
HLA-B42:21,0
HLA-B42:22,0
HLA-B42:23,0
HLA-B42:24,0
HLA-B42:25,0
HLA-B44:02,6.641
HLA-B44:03,4.506
HLA-B44:04,0.047
HLA-B44:05,0.342
HLA-B44:06,0.006
HLA-B44:07,0.011
HLA-B44:08,0.001
HLA-B44:09,0.002
HLA-B44:10,0.013
HLA-B44:100,0
HLA-B44:101,0
HLA-B44:102,0
HLA-B44:103,0
HLA-B44:104,0
HLA-B44:105,0
HLA-B44:106,0
HLA-B44:107,0
HLA-B44:109,0
HLA-B44:11,0
HLA-B44:110,0
HLA-B44:111,0
HLA-B44:112,0
HLA-B44:113,0
HLA-B44:114,0
HLA-B44:115,0
HLA-B44:116,0
HLA-B44:117,0
HLA-B44:118,0
HLA-B44:119,0.01
HLA-B44:12,0
HLA-B44:120,0
HLA-B44:121,0.001
HLA-B44:122,0
HLA-B44:123,0
HLA-B44:124,0
HLA-B44:125,0
HLA-B44:126,0.001
HLA-B44:127,0
HLA-B44:128,0
HLA-B44:129,0
HLA-B44:13,0
HLA-B44:130,0.01
HLA-B44:131,0
HLA-B44:132,0
HLA-B44:133,0
HLA-B44:134,0
HLA-B44:135,0
HLA-B44:136,0
HLA-B44:137,0
HLA-B44:139,0
HLA-B44:14,0.017
HLA-B44:140,0
HLA-B44:141,0
HLA-B44:142,0
HLA-B44:143,0
HLA-B44:144,0
HLA-B44:145,0
HLA-B44:146,0
HLA-B44:147,0
HLA-B44:148,0
HLA-B44:15,0.001
HLA-B44:150,0
HLA-B44:151,1.833
HLA-B44:152,0
HLA-B44:153,0
HLA-B44:154,0
HLA-B44:155,0
HLA-B44:156,0
HLA-B44:157,0
HLA-B44:158,0
HLA-B44:159,0
HLA-B44:16,0.001
HLA-B44:161,0
HLA-B44:162,0
HLA-B44:163,0
HLA-B44:164,0
HLA-B44:165,0
HLA-B44:166,0
HLA-B44:167,0
HLA-B44:168,0
HLA-B44:169,0
HLA-B44:17,0.001
HLA-B44:170,0
HLA-B44:172,0
HLA-B44:173,0
HLA-B44:174,0
HLA-B44:175,0.01
HLA-B44:176,0
HLA-B44:177,0
HLA-B44:178,0
HLA-B44:179,0
HLA-B44:18,0.001
HLA-B44:180,0
HLA-B44:181,0
HLA-B44:182,0
HLA-B44:183,0
HLA-B44:184,0
HLA-B44:185,0
HLA-B44:186,0
HLA-B44:187,0
HLA-B44:188,0
HLA-B44:189,0
HLA-B44:190,0
HLA-B44:191,0
HLA-B44:192,0
HLA-B44:193,0
HLA-B44:194,0
HLA-B44:196,0
HLA-B44:197,0.002
HLA-B44:199,0
HLA-B44:20,0.001
HLA-B44:200,0
HLA-B44:201,0
HLA-B44:202,0
HLA-B44:203,0
HLA-B44:204,0
HLA-B44:205,0
HLA-B44:206,0
HLA-B44:207,0
HLA-B44:208,0
HLA-B44:209,0
HLA-B44:21,0.001
HLA-B44:210,0
HLA-B44:211,0
HLA-B44:212,0
HLA-B44:213,0
HLA-B44:214,0
HLA-B44:215,0
HLA-B44:216,0
HLA-B44:218,0
HLA-B44:219,0
HLA-B44:22,0
HLA-B44:220,0
HLA-B44:221,0
HLA-B44:222,0
HLA-B44:223,0
HLA-B44:224,0
HLA-B44:225,0
HLA-B44:226,0
HLA-B44:227,0
HLA-B44:228,0
HLA-B44:229,0
HLA-B44:230,0
HLA-B44:231,0
HLA-B44:232,0
HLA-B44:233,0
HLA-B44:234,0
HLA-B44:235,0
HLA-B44:236,0
HLA-B44:238,0
HLA-B44:239,0
HLA-B44:24,0.001
HLA-B44:240,0
HLA-B44:241,0
HLA-B44:242,0
HLA-B44:243,0
HLA-B44:244,0
HLA-B44:245,0
HLA-B44:247,0
HLA-B44:248,0
HLA-B44:249,0
HLA-B44:25,0
HLA-B44:250,0.002
HLA-B44:251,0
HLA-B44:252,0
HLA-B44:253,0
HLA-B44:254,0
HLA-B44:255,0
HLA-B44:256,0
HLA-B44:257,0
HLA-B44:258,0
HLA-B44:259,0
HLA-B44:26,0.3
HLA-B44:260,0
HLA-B44:261,0
HLA-B44:262,0
HLA-B44:263,0
HLA-B44:264,0
HLA-B44:265,0
HLA-B44:266,0
HLA-B44:268,0
HLA-B44:269,0
HLA-B44:27,0.414
HLA-B44:270,0
HLA-B44:271,0
HLA-B44:272,0
HLA-B44:273,0
HLA-B44:274,0
HLA-B44:275,0
HLA-B44:276,0
HLA-B44:277,0
HLA-B44:278,0.01
HLA-B44:279,0
HLA-B44:28,0.001
HLA-B44:280,0
HLA-B44:281,0
HLA-B44:282,0
HLA-B44:283,0
HLA-B44:284,0
HLA-B44:285,0
HLA-B44:286,0
HLA-B44:287,0
HLA-B44:288,0
HLA-B44:289,0
HLA-B44:29,0.006
HLA-B44:290,0
HLA-B44:291,0
HLA-B44:292,0
HLA-B44:293,0
HLA-B44:294,0
HLA-B44:295,0
HLA-B44:296,0
HLA-B44:297,0
HLA-B44:298,0
HLA-B44:299,0
HLA-B44:30,0.002
HLA-B44:300,0
HLA-B44:301,0
HLA-B44:302,0
HLA-B44:304,0
HLA-B44:305,0
HLA-B44:307,0
HLA-B44:308,0
HLA-B44:31,0.01
HLA-B44:311,0
HLA-B44:312,0
HLA-B44:313,0
HLA-B44:315,0
HLA-B44:316,0
HLA-B44:317,0
HLA-B44:318,0
HLA-B44:319,0
HLA-B44:32,0
HLA-B44:320,0
HLA-B44:321,0
HLA-B44:322,0
HLA-B44:323,0
HLA-B44:324,0
HLA-B44:325,0
HLA-B44:326,0
HLA-B44:327,0
HLA-B44:329,0
HLA-B44:33,0.002
HLA-B44:330,0
HLA-B44:331,0
HLA-B44:332,0
HLA-B44:34,0
HLA-B44:35,0.008
HLA-B44:36,0
HLA-B44:37,0
HLA-B44:38,0.006
HLA-B44:39,0.002
HLA-B44:40,0
HLA-B44:41,0
HLA-B44:42,0.001
HLA-B44:43,0
HLA-B44:44,0
HLA-B44:45,0
HLA-B44:46,0.05
HLA-B44:47,0.001
HLA-B44:48,0
HLA-B44:49,0
HLA-B44:50,0.001
HLA-B44:51,0
HLA-B44:53,0
HLA-B44:54,0
HLA-B44:55,0
HLA-B44:57,0
HLA-B44:59,0
HLA-B44:60,0.001
HLA-B44:62,0
HLA-B44:63,0
HLA-B44:64,0
HLA-B44:65,0
HLA-B44:66,0
HLA-B44:67,0
HLA-B44:68,0
HLA-B44:69,0
HLA-B44:70,0
HLA-B44:71,0
HLA-B44:72,0
HLA-B44:73,0
HLA-B44:74,0
HLA-B44:75,0
HLA-B44:76,0
HLA-B44:77,0
HLA-B44:78,0
HLA-B44:79,0
HLA-B44:80,0
HLA-B44:81,0
HLA-B44:82,0
HLA-B44:83,0.002
HLA-B44:84,0.001
HLA-B44:85,0
HLA-B44:86,0.001
HLA-B44:87,0
HLA-B44:88,0
HLA-B44:89,0
HLA-B44:90,0
HLA-B44:91,0
HLA-B44:92,0
HLA-B44:93,0
HLA-B44:94,0
HLA-B44:95,0
HLA-B44:96,0
HLA-B44:97,0
HLA-B44:98,0
HLA-B44:99,0
HLA-B45:01,0.863
HLA-B45:02,0.001
HLA-B45:03,0.001
HLA-B45:04,0
HLA-B45:05,0
HLA-B45:06,0.001
HLA-B45:07,0.352
HLA-B45:08,0
HLA-B45:09,0
HLA-B45:10,0
HLA-B45:11,0
HLA-B45:12,0
HLA-B45:13,0
HLA-B45:14,0
HLA-B45:15,0
HLA-B45:16,0
HLA-B45:17,0
HLA-B45:18,0
HLA-B45:19,0
HLA-B45:20,0
HLA-B45:21,0
HLA-B45:22,0
HLA-B45:23,0
HLA-B45:24,0
HLA-B46:01,0.587
HLA-B46:02,0.003
HLA-B46:03,0.009
HLA-B46:04,0
HLA-B46:05,0
HLA-B46:06,0
HLA-B46:08,0.001
HLA-B46:09,0
HLA-B46:10,0
HLA-B46:11,0.003
HLA-B46:12,0
HLA-B46:13,0.002
HLA-B46:14,0.008
HLA-B46:16,0
HLA-B46:17,0
HLA-B46:18,0.005
HLA-B46:19,0
HLA-B46:20,0.003
HLA-B46:21,0
HLA-B46:22,0.002
HLA-B46:23,0
HLA-B46:24,0
HLA-B46:25,0
HLA-B46:26,0
HLA-B46:27,0
HLA-B46:28,0
HLA-B46:29,0.03
HLA-B46:30,0
HLA-B46:31,0
HLA-B46:32,0
HLA-B46:33,0
HLA-B46:34,0
HLA-B46:35,0
HLA-B46:36,0
HLA-B46:37,0
HLA-B46:38,0
HLA-B46:39,0
HLA-B46:40,0
HLA-B46:42,0
HLA-B46:43,0
HLA-B46:44,0
HLA-B46:45,0
HLA-B46:46,0
HLA-B46:47,0
HLA-B46:48,0
HLA-B46:49,0
HLA-B46:50,0
HLA-B46:52,0
HLA-B46:53,0
HLA-B46:54,0
HLA-B46:56,0
HLA-B46:57,0
HLA-B46:58,0
HLA-B46:59,0
HLA-B46:60,0
HLA-B46:61,0
HLA-B46:62,0.009
HLA-B46:63,0
HLA-B46:64,0
HLA-B46:65,0
HLA-B46:66,0
HLA-B46:67,0
HLA-B46:68,0
HLA-B46:69,0
HLA-B46:70,0
HLA-B46:71,0
HLA-B46:72,0
HLA-B46:73,0
HLA-B46:74,0
HLA-B46:75,0
HLA-B47:01,0.26
HLA-B47:02,0.003
HLA-B47:03,0.005
HLA-B47:04,0.001
HLA-B47:05,0
HLA-B47:06,0
HLA-B47:07,0.001
HLA-B47:08,0
HLA-B47:09,0.001
HLA-B47:10,0
HLA-B48:01,0.342
HLA-B48:02,0.01
HLA-B48:03,0.021
HLA-B48:04,0.014
HLA-B48:05,0.002
HLA-B48:06,0.001
HLA-B48:07,0.003
HLA-B48:08,0.012
HLA-B48:09,0
HLA-B48:10,0
HLA-B48:11,0.02
HLA-B48:12,0.001
HLA-B48:13,0.001
HLA-B48:14,0
HLA-B48:15,0
HLA-B48:16,0
HLA-B48:17,0.001
HLA-B48:18,0.001
HLA-B48:19,0.001
HLA-B48:20,0.001
HLA-B48:21,0.001
HLA-B48:22,0.001
HLA-B48:23,0.001
HLA-B48:24,0
HLA-B48:25,0.001
HLA-B48:26,0.001
HLA-B48:27,0
HLA-B48:28,0
HLA-B48:29,0
HLA-B48:30,0
HLA-B48:31,0
HLA-B48:32,0
HLA-B48:33,0
HLA-B48:34,0
HLA-B48:35,0
HLA-B48:36,0
HLA-B48:37,0
HLA-B48:38,0
HLA-B48:39,0
HLA-B48:40,0
HLA-B48:41,0
HLA-B48:42,0
HLA-B48:43,0
HLA-B48:44,0
HLA-B48:45,0
HLA-B48:46,0
HLA-B48:47,0
HLA-B48:48,0
HLA-B49:01,1.564
HLA-B49:02,0
HLA-B49:03,0.461
HLA-B49:04,0
HLA-B49:05,0
HLA-B49:06,0
HLA-B49:07,0
HLA-B49:08,0
HLA-B49:09,0
HLA-B49:10,0
HLA-B49:11,0
HLA-B49:12,0
HLA-B49:13,0
HLA-B49:14,0
HLA-B49:16,0
HLA-B49:17,0
HLA-B49:18,0
HLA-B49:20,0
HLA-B49:21,0
HLA-B49:22,0
HLA-B49:23,0
HLA-B49:24,0
HLA-B49:25,0
HLA-B49:26,0
HLA-B49:27,0
HLA-B49:28,0
HLA-B49:29,0
HLA-B49:30,0
HLA-B49:31,0
HLA-B49:32,0
HLA-B49:33,0
HLA-B49:34,0
HLA-B49:35,0
HLA-B49:36,0
HLA-B49:37,0
HLA-B49:38,0
HLA-B49:39,0
HLA-B49:40,0
HLA-B49:41,0
HLA-B49:42,0
HLA-B49:43,0
HLA-B49:44,0
HLA-B49:45,0
HLA-B49:46,0
HLA-B49:47,0
HLA-B49:48,0
HLA-B49:49,0
HLA-B49:50,0
HLA-B49:51,0
HLA-B49:52,0
HLA-B49:53,0
HLA-B49:54,0
HLA-B49:55,0
HLA-B49:56,0
HLA-B49:57,0
HLA-B49:58,0
HLA-B49:59,0
HLA-B50:01,1.137
HLA-B50:02,0.05
HLA-B50:04,0.001
HLA-B50:05,0.001
HLA-B50:06,0
HLA-B50:07,0.009
HLA-B50:08,0
HLA-B50:09,0
HLA-B50:10,0
HLA-B50:11,0
HLA-B50:12,0
HLA-B50:13,0
HLA-B50:14,0
HLA-B50:15,0
HLA-B50:16,0.01
HLA-B50:17,0
HLA-B50:18,0
HLA-B50:19,0
HLA-B50:20,0
HLA-B50:31,0
HLA-B50:32,0
HLA-B50:33,0
HLA-B50:34,0
HLA-B50:35,0
HLA-B50:36,0
HLA-B50:37,0
HLA-B50:38,0
HLA-B50:39,0
HLA-B50:40,0
HLA-B50:41,0
HLA-B50:42,0
HLA-B50:43,0
HLA-B50:44,0
HLA-B50:45,0
HLA-B50:46,0
HLA-B50:47,0
HLA-B50:48,0
HLA-B50:49,0
HLA-B50:50,0
HLA-B50:51,0
HLA-B50:52,0
HLA-B50:53,0
HLA-B50:54,0
HLA-B50:55,0
HLA-B50:56,0
HLA-B50:57,0
HLA-B50:58,0
HLA-B50:59,0
HLA-B50:60,0
HLA-B50:61,0
HLA-B51:01,5.327
HLA-B51:02,0.112
HLA-B51:03,0
HLA-B51:04,0.002
HLA-B51:05,0.035
HLA-B51:06,0.067
HLA-B51:07,0.068
HLA-B51:08,0.156
HLA-B51:09,0.019
HLA-B51:10,0.014
HLA-B51:100,0
HLA-B51:101,0
HLA-B51:102,0
HLA-B51:103,0
HLA-B51:104,0
HLA-B51:105,0
HLA-B51:106,0
HLA-B51:107,0
HLA-B51:108,0
HLA-B51:109,0
HLA-B51:111,0
HLA-B51:112,0
HLA-B51:113,0
HLA-B51:114,0
HLA-B51:115,0
HLA-B51:116,0
HLA-B51:117,0
HLA-B51:119,0
HLA-B51:12,0.021
HLA-B51:120,0
HLA-B51:121,0
HLA-B51:122,0
HLA-B51:123,0
HLA-B51:124,0
HLA-B51:125,0
HLA-B51:126,0
HLA-B51:127,0
HLA-B51:128,0
HLA-B51:129,0
HLA-B51:13,0.002
HLA-B51:130,0
HLA-B51:131,0
HLA-B51:132,0
HLA-B51:133,0
HLA-B51:134,0.004
HLA-B51:135,0
HLA-B51:136,0
HLA-B51:137,0
HLA-B51:138,0
HLA-B51:139,0
HLA-B51:14,0.003
HLA-B51:140,0
HLA-B51:141,0
HLA-B51:142,0
HLA-B51:143,0
HLA-B51:144,0
HLA-B51:145,0
HLA-B51:146,0.021
HLA-B51:147,0
HLA-B51:148,0.016
HLA-B51:15,0.007
HLA-B51:150,0
HLA-B51:151,0
HLA-B51:152,0.063
HLA-B51:153,0
HLA-B51:154,0.031
HLA-B51:155,0
HLA-B51:156,0
HLA-B51:157,0.66
HLA-B51:158,0
HLA-B51:159,0
HLA-B51:16,0
HLA-B51:160,0
HLA-B51:161,0
HLA-B51:162,0
HLA-B51:163,0
HLA-B51:164,0
HLA-B51:165,0
HLA-B51:166,0
HLA-B51:167,0
HLA-B51:168,0
HLA-B51:169,0
HLA-B51:17,0.002
HLA-B51:170,0
HLA-B51:171,0
HLA-B51:172,0
HLA-B51:174,0
HLA-B51:175,0
HLA-B51:176,0
HLA-B51:177,0
HLA-B51:179,0
HLA-B51:18,0.5
HLA-B51:180,0
HLA-B51:181,0
HLA-B51:182,0
HLA-B51:183,0
HLA-B51:185,0
HLA-B51:186,0
HLA-B51:187,0
HLA-B51:188,0
HLA-B51:189,0
HLA-B51:19,0.001
HLA-B51:190,0
HLA-B51:191,0
HLA-B51:192,0
HLA-B51:193,0.008
HLA-B51:194,0
HLA-B51:195,0
HLA-B51:196,0
HLA-B51:197,0
HLA-B51:198,0
HLA-B51:199,0
HLA-B51:20,0
HLA-B51:200,0
HLA-B51:201,0
HLA-B51:202,0
HLA-B51:203,0
HLA-B51:204,0
HLA-B51:205,0
HLA-B51:206,0
HLA-B51:207,0
HLA-B51:208,0.002
HLA-B51:209,0
HLA-B51:21,0.001
HLA-B51:210,0
HLA-B51:211,0
HLA-B51:212,0
HLA-B51:213,0
HLA-B51:214,0
HLA-B51:215,0
HLA-B51:216,0
HLA-B51:217,0
HLA-B51:218,0
HLA-B51:219,0
HLA-B51:22,0.004
HLA-B51:220,0
HLA-B51:221,0
HLA-B51:222,0
HLA-B51:223,0
HLA-B51:224,0
HLA-B51:225,0
HLA-B51:226,0
HLA-B51:227,0
HLA-B51:228,0
HLA-B51:229,0
HLA-B51:23,0.001
HLA-B51:230,0
HLA-B51:231,0
HLA-B51:232,0
HLA-B51:233,0
HLA-B51:234,0
HLA-B51:236,0
HLA-B51:237,0
HLA-B51:238,0
HLA-B51:239,0
HLA-B51:24,0
HLA-B51:240,0
HLA-B51:241,0
HLA-B51:242,0
HLA-B51:243,0
HLA-B51:244,0
HLA-B51:246,0
HLA-B51:247,0
HLA-B51:248,0
HLA-B51:249,0
HLA-B51:250,0
HLA-B51:251,0
HLA-B51:252,0
HLA-B51:253,0
HLA-B51:254,0
HLA-B51:255,0
HLA-B51:257,0
HLA-B51:258,0
HLA-B51:259,0
HLA-B51:26,0.001
HLA-B51:260,0
HLA-B51:261,0
HLA-B51:262,0
HLA-B51:263,0
HLA-B51:265,0
HLA-B51:266,0
HLA-B51:267,0
HLA-B51:28,0.001
HLA-B51:29,0.001
HLA-B51:30,0
HLA-B51:31,0.002
HLA-B51:32,0.049
HLA-B51:33,0.008
HLA-B51:34,0
HLA-B51:35,0
HLA-B51:36,0
HLA-B51:37,0.001
HLA-B51:38,0.001
HLA-B51:39,0.001
HLA-B51:40,0
HLA-B51:42,0
HLA-B51:43,0.001
HLA-B51:45,0
HLA-B51:46,0
HLA-B51:48,0
HLA-B51:49,0
HLA-B51:50,0.001
HLA-B51:51,0
HLA-B51:52,0
HLA-B51:53,0
HLA-B51:54,0.001
HLA-B51:55,0
HLA-B51:56,0
HLA-B51:57,0
HLA-B51:58,0
HLA-B51:59,0
HLA-B51:60,0
HLA-B51:61,0
HLA-B51:62,0
HLA-B51:63,0.041
HLA-B51:64,0.002
HLA-B51:65,0
HLA-B51:66,0
HLA-B51:67,0
HLA-B51:68,0.001
HLA-B51:69,0
HLA-B51:70,0
HLA-B51:71,0
HLA-B51:72,0
HLA-B51:73,0.005
HLA-B51:74,0
HLA-B51:75,0
HLA-B51:76,0.004
HLA-B51:77,0.01
HLA-B51:78,0
HLA-B51:79,0
HLA-B51:80,0
HLA-B51:81,0
HLA-B51:82,0
HLA-B51:83,0.001
HLA-B51:84,0
HLA-B51:85,0
HLA-B51:86,0
HLA-B51:87,0
HLA-B51:88,0
HLA-B51:89,0
HLA-B51:90,0
HLA-B51:91,0
HLA-B51:92,0
HLA-B51:93,0.003
HLA-B51:94,0
HLA-B51:95,0
HLA-B51:96,0
HLA-B51:97,0
HLA-B51:99,0
HLA-B52:01,1.514
HLA-B52:02,0.001
HLA-B52:03,0.003
HLA-B52:04,0.005
HLA-B52:05,0.002
HLA-B52:06,0
HLA-B52:07,0.11
HLA-B52:08,0
HLA-B52:09,0
HLA-B52:10,0
HLA-B52:11,0
HLA-B52:12,0.001
HLA-B52:13,0
HLA-B52:14,0
HLA-B52:15,0
HLA-B52:16,0
HLA-B52:17,0
HLA-B52:18,0
HLA-B52:19,0
HLA-B52:20,0
HLA-B52:21,0
HLA-B52:22,0
HLA-B52:23,0
HLA-B52:24,0
HLA-B52:25,0
HLA-B52:26,0
HLA-B52:27,0
HLA-B52:28,0
HLA-B52:29,0
HLA-B52:30,0.005
HLA-B52:31,0
HLA-B52:32,0
HLA-B52:33,0
HLA-B52:34,0
HLA-B52:35,0
HLA-B52:36,0
HLA-B52:37,0
HLA-B52:38,0
HLA-B52:39,0
HLA-B52:40,0
HLA-B52:41,0
HLA-B52:42,0
HLA-B52:43,0
HLA-B52:44,0
HLA-B52:45,0
HLA-B52:46,0
HLA-B52:47,0
HLA-B52:48,0
HLA-B52:50,0
HLA-B52:51,0
HLA-B52:52,0
HLA-B52:53,0
HLA-B52:54,0
HLA-B52:55,0
HLA-B52:56,0
HLA-B52:57,0
HLA-B52:58,0
HLA-B52:59,0
HLA-B52:60,0
HLA-B52:61,0
HLA-B52:62,0
HLA-B52:63,0
HLA-B52:64,0
HLA-B52:65,0
HLA-B52:66,0
HLA-B52:67,0
HLA-B52:68,0
HLA-B52:69,0
HLA-B52:70,0
HLA-B52:71,0
HLA-B52:72,0
HLA-B52:73,0
HLA-B52:74,0
HLA-B52:75,0
HLA-B52:76,0
HLA-B52:77,0
HLA-B52:78,0
HLA-B52:79,0
HLA-B52:80,0
HLA-B52:81,0
HLA-B52:82,0
HLA-B52:83,0
HLA-B52:84,0
HLA-B53:01,1.32
HLA-B53:02,0.001
HLA-B53:03,0.001
HLA-B53:04,0
HLA-B53:05,0.001
HLA-B53:06,0.001
HLA-B53:07,0
HLA-B53:08,0.005
HLA-B53:09,0.005
HLA-B53:10,0.011
HLA-B53:11,0
HLA-B53:12,0
HLA-B53:13,0
HLA-B53:14,0.001
HLA-B53:15,0.001
HLA-B53:16,0
HLA-B53:17,0
HLA-B53:18,0
HLA-B53:19,0.002
HLA-B53:20,0
HLA-B53:21,0.002
HLA-B53:22,0
HLA-B53:23,0
HLA-B53:24,0
HLA-B53:25,0
HLA-B53:26,0
HLA-B53:27,0
HLA-B53:28,0
HLA-B53:29,0
HLA-B53:30,0
HLA-B53:31,0
HLA-B53:32,0
HLA-B53:33,0
HLA-B53:34,0
HLA-B53:35,0
HLA-B53:36,0
HLA-B53:37,0
HLA-B53:38,0
HLA-B53:39,0
HLA-B53:40,0
HLA-B53:41,0
HLA-B53:42,0
HLA-B53:43,0
HLA-B53:44,0
HLA-B53:45,0
HLA-B53:46,0
HLA-B53:47,0
HLA-B53:49,0
HLA-B53:50,0
HLA-B53:51,0
HLA-B53:52,0
HLA-B53:53,0
HLA-B54:01,0.209
HLA-B54:02,0.005
HLA-B54:03,0
HLA-B54:04,0.002
HLA-B54:06,0
HLA-B54:07,0.001
HLA-B54:09,0
HLA-B54:10,0
HLA-B54:11,0
HLA-B54:12,0
HLA-B54:13,0
HLA-B54:14,0
HLA-B54:15,0
HLA-B54:16,0
HLA-B54:17,0
HLA-B54:18,1.274
HLA-B54:19,0
HLA-B54:20,0.001
HLA-B54:21,0.005
HLA-B54:22,0
HLA-B54:23,0
HLA-B54:24,0
HLA-B54:25,0
HLA-B54:26,0
HLA-B54:27,0
HLA-B54:28,0
HLA-B54:29,0
HLA-B54:30,0
HLA-B54:31,0
HLA-B54:32,0
HLA-B54:33,0
HLA-B54:34,0
HLA-B54:35,0
HLA-B54:36,0
HLA-B54:37,0
HLA-B54:38,0
HLA-B55:01,1.413
HLA-B55:02,0.153
HLA-B55:03,0.02
HLA-B55:04,0.026
HLA-B55:05,0
HLA-B55:07,0.004
HLA-B55:08,0.1
HLA-B55:09,0.001
HLA-B55:10,0
HLA-B55:11,0
HLA-B55:12,0.013
HLA-B55:13,0.001
HLA-B55:14,0
HLA-B55:15,1.104
HLA-B55:16,0.1
HLA-B55:17,0
HLA-B55:18,0.03
HLA-B55:19,0
HLA-B55:20,0
HLA-B55:21,0.002
HLA-B55:22,0
HLA-B55:23,0.001
HLA-B55:24,0
HLA-B55:25,0.001
HLA-B55:26,0
HLA-B55:27,0
HLA-B55:28,0
HLA-B55:29,0
HLA-B55:30,0
HLA-B55:31,0
HLA-B55:32,0.258
HLA-B55:33,0
HLA-B55:34,0.001
HLA-B55:35,0
HLA-B55:36,0
HLA-B55:37,0
HLA-B55:38,0
HLA-B55:39,0
HLA-B55:40,0
HLA-B55:41,0.001
HLA-B55:42,0
HLA-B55:43,0
HLA-B55:44,0
HLA-B55:45,0
HLA-B55:46,0.03
HLA-B55:47,0
HLA-B55:48,0
HLA-B55:49,0
HLA-B55:50,0
HLA-B55:51,0
HLA-B55:52,0
HLA-B55:53,0
HLA-B55:54,0
HLA-B55:56,0
HLA-B55:57,0
HLA-B55:58,0
HLA-B55:59,0
HLA-B55:60,0
HLA-B55:61,0
HLA-B55:62,0
HLA-B55:63,0
HLA-B55:64,0
HLA-B55:65,0
HLA-B55:66,0
HLA-B55:67,0
HLA-B55:68,0
HLA-B55:69,0
HLA-B55:70,0
HLA-B55:71,0
HLA-B55:72,0
HLA-B55:73,0
HLA-B55:74,0
HLA-B55:75,0
HLA-B55:76,0
HLA-B55:77,0
HLA-B55:78,0
HLA-B55:79,0
HLA-B55:80,0
HLA-B55:81,0
HLA-B55:82,0
HLA-B55:84,0
HLA-B55:85,0
HLA-B55:86,0
HLA-B55:87,0
HLA-B55:88,0
HLA-B55:90,0
HLA-B55:91,0
HLA-B55:92,0
HLA-B55:93,0
HLA-B55:94,0
HLA-B55:95,0
HLA-B55:96,0
HLA-B56:01,0.728
HLA-B56:02,0.006
HLA-B56:03,0.008
HLA-B56:04,0.03
HLA-B56:05,0.006
HLA-B56:06,0.002
HLA-B56:07,0.007
HLA-B56:08,0.001
HLA-B56:09,0.001
HLA-B56:10,0.005
HLA-B56:11,0
HLA-B56:12,0.001
HLA-B56:13,0
HLA-B56:14,0.002
HLA-B56:15,0
HLA-B56:16,0.001
HLA-B56:17,0
HLA-B56:18,0.001
HLA-B56:20,0.201
HLA-B56:21,0.001
HLA-B56:22,0.003
HLA-B56:23,0.001
HLA-B56:24,0
HLA-B56:25,0
HLA-B56:26,0
HLA-B56:27,0
HLA-B56:29,0
HLA-B56:30,0
HLA-B56:31,0
HLA-B56:32,0
HLA-B56:33,0
HLA-B56:34,0
HLA-B56:35,0
HLA-B56:36,0
HLA-B56:37,0
HLA-B56:39,0
HLA-B56:40,0
HLA-B56:41,0
HLA-B56:42,0
HLA-B56:43,5.44
HLA-B56:44,0
HLA-B56:45,0
HLA-B56:46,0
HLA-B56:47,0
HLA-B56:48,0
HLA-B56:49,0
HLA-B56:50,0
HLA-B56:51,0
HLA-B56:52,0
HLA-B56:53,0
HLA-B56:54,0
HLA-B56:55,0
HLA-B56:56,0
HLA-B56:57,0
HLA-B56:58,0
HLA-B56:59,0
HLA-B56:60,0
HLA-B56:61,0
HLA-B56:62,0
HLA-B56:63,0
HLA-B56:64,0
HLA-B57:01,3.03
HLA-B57:02,0.063
HLA-B57:03,0.373
HLA-B57:04,0.017
HLA-B57:05,0.003
HLA-B57:06,0.003
HLA-B57:07,0
HLA-B57:08,0
HLA-B57:09,0.002
HLA-B57:10,0.03
HLA-B57:100,0
HLA-B57:101,0
HLA-B57:102,0
HLA-B57:103,0
HLA-B57:104,0
HLA-B57:105,0
HLA-B57:106,0
HLA-B57:107,0
HLA-B57:108,0
HLA-B57:109,0
HLA-B57:11,0
HLA-B57:110,0
HLA-B57:111,0
HLA-B57:112,0
HLA-B57:113,0
HLA-B57:114,0
HLA-B57:12,0
HLA-B57:13,0
HLA-B57:14,0
HLA-B57:15,0
HLA-B57:16,0
HLA-B57:17,0.003
HLA-B57:18,0
HLA-B57:19,0
HLA-B57:20,0
HLA-B57:21,0
HLA-B57:22,0
HLA-B57:23,0
HLA-B57:24,0
HLA-B57:25,0.044
HLA-B57:26,0
HLA-B57:27,0
HLA-B57:29,0
HLA-B57:30,0
HLA-B57:31,0
HLA-B57:32,0
HLA-B57:33,0
HLA-B57:34,0
HLA-B57:35,0
HLA-B57:36,0
HLA-B57:37,0
HLA-B57:38,0
HLA-B57:39,0
HLA-B57:40,0
HLA-B57:41,0
HLA-B57:42,0
HLA-B57:43,0
HLA-B57:44,0
HLA-B57:45,0
HLA-B57:46,0
HLA-B57:47,0
HLA-B57:48,0
HLA-B57:49,0
HLA-B57:50,0
HLA-B57:51,0
HLA-B57:52,0
HLA-B57:53,0
HLA-B57:54,0
HLA-B57:55,0
HLA-B57:56,0
HLA-B57:57,0
HLA-B57:58,0
HLA-B57:59,0
HLA-B57:60,0
HLA-B57:61,0
HLA-B57:62,0
HLA-B57:63,0.048
HLA-B57:64,0
HLA-B57:65,0
HLA-B57:66,0
HLA-B57:67,0
HLA-B57:68,0
HLA-B57:69,0
HLA-B57:70,0
HLA-B57:71,0
HLA-B57:72,0
HLA-B57:73,0
HLA-B57:74,0
HLA-B57:75,0
HLA-B57:76,0.177
HLA-B57:77,0
HLA-B57:78,0
HLA-B57:80,0
HLA-B57:81,0
HLA-B57:82,0
HLA-B57:83,0
HLA-B57:84,0
HLA-B57:85,0
HLA-B57:86,0
HLA-B57:87,0
HLA-B57:88,0
HLA-B57:89,0
HLA-B57:90,0
HLA-B57:91,0
HLA-B57:92,0
HLA-B57:93,0
HLA-B57:94,0
HLA-B57:95,0
HLA-B57:96,0
HLA-B57:97,0
HLA-B57:99,0
HLA-B58:01,1.551
HLA-B58:02,0.35
HLA-B58:04,0.001
HLA-B58:05,0
HLA-B58:06,0.006
HLA-B58:07,0
HLA-B58:08,0
HLA-B58:09,0
HLA-B58:100,0
HLA-B58:11,0
HLA-B58:12,0
HLA-B58:13,0
HLA-B58:14,0
HLA-B58:15,0
HLA-B58:16,0.001
HLA-B58:18,0
HLA-B58:19,0
HLA-B58:20,0.003
HLA-B58:21,0
HLA-B58:22,0.179
HLA-B58:23,0
HLA-B58:24,0
HLA-B58:25,0.003
HLA-B58:26,0
HLA-B58:27,0.001
HLA-B58:28,0
HLA-B58:29,0
HLA-B58:30,0
HLA-B58:32,0
HLA-B58:33,0.001
HLA-B58:34,0.065
HLA-B58:35,0
HLA-B58:36,0
HLA-B58:37,0
HLA-B58:38,0
HLA-B58:40,0.003
HLA-B58:41,0
HLA-B58:42,0
HLA-B58:43,0
HLA-B58:44,0
HLA-B58:45,0
HLA-B58:46,0
HLA-B58:47,0
HLA-B58:48,0.003
HLA-B58:49,0
HLA-B58:50,0
HLA-B58:51,0
HLA-B58:52,0
HLA-B58:53,0
HLA-B58:54,0
HLA-B58:55,0
HLA-B58:56,0
HLA-B58:57,0
HLA-B58:58,0
HLA-B58:59,0
HLA-B58:60,0
HLA-B58:61,0
HLA-B58:62,0
HLA-B58:63,0
HLA-B58:64,0
HLA-B58:65,0
HLA-B58:66,0
HLA-B58:67,0
HLA-B58:68,0
HLA-B58:69,0
HLA-B58:70,0
HLA-B58:71,0
HLA-B58:73,0
HLA-B58:74,0
HLA-B58:75,0
HLA-B58:76,0
HLA-B58:77,0
HLA-B58:78,0
HLA-B58:79,0
HLA-B58:80,0
HLA-B58:81,0
HLA-B58:82,0
HLA-B58:83,0
HLA-B58:84,0
HLA-B58:85,0
HLA-B58:86,0
HLA-B58:87,0
HLA-B58:88,0
HLA-B58:89,0
HLA-B58:90,0
HLA-B58:91,0
HLA-B58:92,0
HLA-B58:95,0
HLA-B58:96,0
HLA-B58:97,0
HLA-B58:98,0
HLA-B58:99,0
HLA-B59:01,0.04
HLA-B59:02,0
HLA-B59:03,0
HLA-B59:04,0
HLA-B59:05,0
HLA-B59:06,0
HLA-B59:07,0
HLA-B59:08,0
HLA-B59:09,0
HLA-B67:01,0.038
HLA-B67:02,0.001
HLA-B67:03,0.003
HLA-B67:04,0.003
HLA-B67:05,0
HLA-B67:06,0
HLA-B67:07,0
HLA-B73:01,0.063
HLA-B73:02,0
HLA-B78:01,0.09
HLA-B78:02,0.003
HLA-B78:03,0
HLA-B78:04,0.002
HLA-B78:05,0
HLA-B78:06,0.001
HLA-B78:07,0
HLA-B78:08,0
HLA-B78:09,0
HLA-B78:10,0
HLA-B81:01,0.171
HLA-B81:02,0.055
HLA-B81:03,0
HLA-B81:05,0.002
HLA-B81:06,0.002
HLA-B81:07,0
HLA-B81:08,0
HLA-B82:01,0.027
HLA-B82:02,0.004
HLA-B82:03,0.003
HLA-B83:01,0
HLA-C01:02,4.054
HLA-C01:03,0.011
HLA-C01:04,0.003
HLA-C01:05,0.003
HLA-C01:06,0.003
HLA-C01:07,0.002
HLA-C01:08,0.008
HLA-C01:09,0
HLA-C01:10,0.005
HLA-C01:100,0
HLA-C01:101,0
HLA-C01:102,0
HLA-C01:103,0
HLA-C01:104,0
HLA-C01:105,0
HLA-C01:106,0
HLA-C01:107,0
HLA-C01:108,0
HLA-C01:11,0.515
HLA-C01:110,0
HLA-C01:112,0
HLA-C01:113,0
HLA-C01:114,0
HLA-C01:115,0
HLA-C01:116,0
HLA-C01:118,0
HLA-C01:119,0
HLA-C01:12,0
HLA-C01:120,0
HLA-C01:122,0
HLA-C01:123,0
HLA-C01:124,0
HLA-C01:125,0
HLA-C01:126,0
HLA-C01:127,0.002
HLA-C01:128,0
HLA-C01:129,0
HLA-C01:13,0
HLA-C01:130,0
HLA-C01:131,0
HLA-C01:132,0
HLA-C01:133,0
HLA-C01:134,0
HLA-C01:135,0
HLA-C01:136,0
HLA-C01:138,0
HLA-C01:139,0
HLA-C01:14,0.05
HLA-C01:140,0
HLA-C01:141,0
HLA-C01:142,0.002
HLA-C01:144,0
HLA-C01:146,0
HLA-C01:147,0
HLA-C01:148,0
HLA-C01:149,0
HLA-C01:15,0
HLA-C01:150,0
HLA-C01:151,0
HLA-C01:152,0
HLA-C01:153,0
HLA-C01:154,0
HLA-C01:155,0
HLA-C01:156,0
HLA-C01:157,0
HLA-C01:158,0
HLA-C01:159,0
HLA-C01:16,0.001
HLA-C01:160,0
HLA-C01:161,0
HLA-C01:162,0
HLA-C01:163,0
HLA-C01:164,0
HLA-C01:165,0
HLA-C01:166,0
HLA-C01:167,0
HLA-C01:168,0
HLA-C01:169,0
HLA-C01:17,0.001
HLA-C01:170,0
HLA-C01:172,0
HLA-C01:173,0
HLA-C01:174,0
HLA-C01:175,0
HLA-C01:176,0
HLA-C01:18,0.001
HLA-C01:19,0
HLA-C01:20,0
HLA-C01:21,0
HLA-C01:22,0
HLA-C01:23,0
HLA-C01:24,0
HLA-C01:25,0
HLA-C01:26,0
HLA-C01:27,0
HLA-C01:28,0
HLA-C01:29,0
HLA-C01:30,0.05
HLA-C01:31,0
HLA-C01:32,0.002
HLA-C01:33,0
HLA-C01:34,0
HLA-C01:35,0
HLA-C01:36,0
HLA-C01:38,0
HLA-C01:39,0
HLA-C01:40,0
HLA-C01:41,0
HLA-C01:42,0
HLA-C01:43,0
HLA-C01:44,0.038
HLA-C01:45,0
HLA-C01:46,0
HLA-C01:47,0
HLA-C01:48,0
HLA-C01:49,0
HLA-C01:50,0
HLA-C01:51,0
HLA-C01:52,0
HLA-C01:53,0.009
HLA-C01:54,0
HLA-C01:55,0
HLA-C01:57,19.961
HLA-C01:58,0
HLA-C01:59,0
HLA-C01:60,0
HLA-C01:61,0
HLA-C01:62,0
HLA-C01:63,0
HLA-C01:64,0
HLA-C01:65,0
HLA-C01:66,0
HLA-C01:67,0
HLA-C01:68,0
HLA-C01:70,0
HLA-C01:71,0
HLA-C01:72,0
HLA-C01:73,0
HLA-C01:74,0
HLA-C01:75,0
HLA-C01:76,0
HLA-C01:77,0
HLA-C01:78,0
HLA-C01:79,0
HLA-C01:80,0
HLA-C01:81,0
HLA-C01:82,0
HLA-C01:83,0
HLA-C01:84,0
HLA-C01:85,0
HLA-C01:87,0
HLA-C01:88,0
HLA-C01:90,0
HLA-C01:91,0
HLA-C01:92,0
HLA-C01:93,0
HLA-C01:94,0
HLA-C01:95,0
HLA-C01:96,0
HLA-C01:97,0
HLA-C01:99,0
HLA-C02:02,5.038
HLA-C02:03,0.001
HLA-C02:04,0.001
HLA-C02:05,0.211
HLA-C02:06,0.011
HLA-C02:07,0.001
HLA-C02:08,0.001
HLA-C02:09,6.9
HLA-C02:10,0.236
HLA-C02:100,0
HLA-C02:101,0
HLA-C02:102,0
HLA-C02:103,0
HLA-C02:104,0
HLA-C02:106,0
HLA-C02:107,0
HLA-C02:108,0
HLA-C02:109,0
HLA-C02:11,0
HLA-C02:110,0
HLA-C02:111,0
HLA-C02:112,0
HLA-C02:113,0
HLA-C02:114,0
HLA-C02:115,0
HLA-C02:116,0
HLA-C02:117,0
HLA-C02:118,0
HLA-C02:119,0
HLA-C02:12,0
HLA-C02:120,0
HLA-C02:122,0
HLA-C02:123,0
HLA-C02:124,0
HLA-C02:125,0
HLA-C02:126,0
HLA-C02:127,0
HLA-C02:128,0
HLA-C02:129,0
HLA-C02:13,0.001
HLA-C02:130,0
HLA-C02:131,0
HLA-C02:132,0
HLA-C02:133,0
HLA-C02:134,0
HLA-C02:136,0
HLA-C02:137,0
HLA-C02:138,0
HLA-C02:139,0
HLA-C02:14,0.001
HLA-C02:140,0
HLA-C02:141,0
HLA-C02:142,0
HLA-C02:143,0
HLA-C02:144,0
HLA-C02:145,0
HLA-C02:146,0
HLA-C02:147,0
HLA-C02:148,0
HLA-C02:149,0
HLA-C02:15,0
HLA-C02:151,0
HLA-C02:152,0
HLA-C02:153,0
HLA-C02:154,0
HLA-C02:155,0
HLA-C02:156,0
HLA-C02:157,0
HLA-C02:158,0
HLA-C02:159,0
HLA-C02:16,0.001
HLA-C02:160,0
HLA-C02:161,0
HLA-C02:162,0
HLA-C02:163,0
HLA-C02:164,0
HLA-C02:166,0
HLA-C02:17,0.3
HLA-C02:18,0.005
HLA-C02:19,0
HLA-C02:20,0.001
HLA-C02:21,0
HLA-C02:22,0
HLA-C02:23,0
HLA-C02:24,0.001
HLA-C02:26,0
HLA-C02:27,0
HLA-C02:28,0.001
HLA-C02:29,0.007
HLA-C02:30,0
HLA-C02:31,0
HLA-C02:32,0
HLA-C02:33,0
HLA-C02:34,0
HLA-C02:35,0
HLA-C02:36,0
HLA-C02:37,0
HLA-C02:39,0
HLA-C02:40,0
HLA-C02:42,0
HLA-C02:43,0.003
HLA-C02:44,0
HLA-C02:45,0
HLA-C02:46,0
HLA-C02:47,0
HLA-C02:48,0
HLA-C02:49,0
HLA-C02:50,0
HLA-C02:51,0
HLA-C02:53,0
HLA-C02:54,0
HLA-C02:55,0
HLA-C02:56,0.002
HLA-C02:57,0
HLA-C02:58,0
HLA-C02:59,0
HLA-C02:60,0
HLA-C02:61,0
HLA-C02:62,0
HLA-C02:63,0
HLA-C02:64,0
HLA-C02:65,0
HLA-C02:66,0
HLA-C02:68,0
HLA-C02:69,0
HLA-C02:70,0
HLA-C02:71,0
HLA-C02:72,0
HLA-C02:73,0
HLA-C02:74,0
HLA-C02:75,0.1
HLA-C02:76,0
HLA-C02:77,0
HLA-C02:78,0
HLA-C02:79,0
HLA-C02:80,0
HLA-C02:81,0
HLA-C02:82,0
HLA-C02:83,0
HLA-C02:84,0
HLA-C02:85,0
HLA-C02:86,0
HLA-C02:87,0
HLA-C02:88,0
HLA-C02:89,0
HLA-C02:90,0
HLA-C02:91,0
HLA-C02:93,0
HLA-C02:94,0
HLA-C02:95,0
HLA-C02:96,0
HLA-C02:97,0
HLA-C02:98,0
HLA-C02:99,0
HLA-C03:01,0
HLA-C03:02,0.898
HLA-C03:03,4.985
HLA-C03:04,7.495
HLA-C03:05,0.123
HLA-C03:06,0.057
HLA-C03:07,0.001
HLA-C03:08,0.001
HLA-C03:09,0
HLA-C03:10,0.001
HLA-C03:100,0.01
HLA-C03:101,0
HLA-C03:102,0
HLA-C03:103,0
HLA-C03:104,0
HLA-C03:105,0
HLA-C03:106,0
HLA-C03:107,0
HLA-C03:108,0
HLA-C03:109,0
HLA-C03:11,0
HLA-C03:110,0
HLA-C03:111,0
HLA-C03:112,0
HLA-C03:113,0
HLA-C03:114,0
HLA-C03:115,0
HLA-C03:116,0
HLA-C03:117,0
HLA-C03:118,0
HLA-C03:119,0
HLA-C03:12,0
HLA-C03:120,0
HLA-C03:122,0.002
HLA-C03:123,0
HLA-C03:124,0
HLA-C03:125,0
HLA-C03:126,0
HLA-C03:127,0
HLA-C03:128,0
HLA-C03:129,0
HLA-C03:13,0
HLA-C03:130,0
HLA-C03:131,0
HLA-C03:132,0
HLA-C03:133,0
HLA-C03:134,0
HLA-C03:135,7.99
HLA-C03:136,0
HLA-C03:137,0
HLA-C03:138,0
HLA-C03:139,0
HLA-C03:14,0.002
HLA-C03:140,0
HLA-C03:141,0
HLA-C03:142,0
HLA-C03:143,0
HLA-C03:144,0
HLA-C03:145,0
HLA-C03:146,0.1
HLA-C03:147,0
HLA-C03:148,0
HLA-C03:149,0
HLA-C03:15,0.51
HLA-C03:150,0
HLA-C03:151,0
HLA-C03:152,0
HLA-C03:153,0
HLA-C03:154,0
HLA-C03:155,0
HLA-C03:156,0
HLA-C03:157,0
HLA-C03:158,0
HLA-C03:159,0
HLA-C03:16,0.002
HLA-C03:160,0
HLA-C03:161,0
HLA-C03:162,0
HLA-C03:163,0
HLA-C03:164,0
HLA-C03:165,0
HLA-C03:166,0
HLA-C03:167,0
HLA-C03:168,0
HLA-C03:17,0.001
HLA-C03:170,0
HLA-C03:171,0
HLA-C03:172,0
HLA-C03:173,0
HLA-C03:174,0
HLA-C03:175,0
HLA-C03:176,0
HLA-C03:177,0
HLA-C03:178,0
HLA-C03:179,0
HLA-C03:18,0
HLA-C03:180,0
HLA-C03:181,0
HLA-C03:182,0
HLA-C03:183,0
HLA-C03:184,0
HLA-C03:185,0
HLA-C03:186,0
HLA-C03:187,0
HLA-C03:188,0
HLA-C03:19,0.001
HLA-C03:190,0
HLA-C03:191,0
HLA-C03:192,0
HLA-C03:193,0
HLA-C03:194,0
HLA-C03:195,0.009
HLA-C03:196,0
HLA-C03:197,0
HLA-C03:198,0
HLA-C03:199,0
HLA-C03:200,0
HLA-C03:202,0
HLA-C03:203,0
HLA-C03:204,0
HLA-C03:205,0
HLA-C03:206,0
HLA-C03:207,0
HLA-C03:209,0
HLA-C03:21,0.003
HLA-C03:210,0
HLA-C03:211,0
HLA-C03:212,0
HLA-C03:213,0
HLA-C03:214,0
HLA-C03:215,0
HLA-C03:216,0
HLA-C03:217,0
HLA-C03:218,0
HLA-C03:219,0
HLA-C03:220,0
HLA-C03:221,0
HLA-C03:222,0
HLA-C03:223,0
HLA-C03:225,0.009
HLA-C03:226,0
HLA-C03:227,0
HLA-C03:228,0
HLA-C03:23,0.001
HLA-C03:230,0
HLA-C03:231,0
HLA-C03:232,0
HLA-C03:233,0
HLA-C03:234,0
HLA-C03:235,0
HLA-C03:236,0
HLA-C03:237,0
HLA-C03:238,0
HLA-C03:239,0
HLA-C03:24,0.77
HLA-C03:240,0
HLA-C03:241,0
HLA-C03:242,0
HLA-C03:243,0
HLA-C03:245,0
HLA-C03:246,0
HLA-C03:247,0
HLA-C03:248,0
HLA-C03:249,0
HLA-C03:25,0.15
HLA-C03:250,0
HLA-C03:251,0
HLA-C03:252,0
HLA-C03:253,0
HLA-C03:254,0
HLA-C03:255,0
HLA-C03:256,0
HLA-C03:257,0
HLA-C03:258,0
HLA-C03:259,0
HLA-C03:26,0.001
HLA-C03:260,0
HLA-C03:261,0
HLA-C03:262,0
HLA-C03:263,0
HLA-C03:264,0
HLA-C03:266,0
HLA-C03:267,0
HLA-C03:268,0
HLA-C03:269,0
HLA-C03:27,0.002
HLA-C03:270,0
HLA-C03:271,0
HLA-C03:272,0
HLA-C03:273,0
HLA-C03:274,0
HLA-C03:275,0
HLA-C03:276,0
HLA-C03:278,0
HLA-C03:279,0
HLA-C03:28,0
HLA-C03:280,0
HLA-C03:281,0
HLA-C03:282,0
HLA-C03:283,0
HLA-C03:284,0
HLA-C03:285,0
HLA-C03:286,0
HLA-C03:287,0
HLA-C03:288,0
HLA-C03:289,0
HLA-C03:29,0
HLA-C03:290,0
HLA-C03:291,0
HLA-C03:292,0
HLA-C03:293,0.016
HLA-C03:294,0
HLA-C03:295,0
HLA-C03:296,0.034
HLA-C03:297,0.016
HLA-C03:298,0
HLA-C03:299,0
HLA-C03:30,0
HLA-C03:300,0
HLA-C03:301,0
HLA-C03:302,0
HLA-C03:303,0
HLA-C03:304,0
HLA-C03:305,0
HLA-C03:306,0
HLA-C03:307,0
HLA-C03:308,0
HLA-C03:309,0
HLA-C03:31,0
HLA-C03:310,0
HLA-C03:311,0
HLA-C03:312,0
HLA-C03:313,0
HLA-C03:314,0
HLA-C03:315,0
HLA-C03:317,0
HLA-C03:319,0
HLA-C03:32,0
HLA-C03:320,0
HLA-C03:321,0
HLA-C03:322,0
HLA-C03:324,0
HLA-C03:325,0
HLA-C03:326,0
HLA-C03:327,0
HLA-C03:328,0
HLA-C03:329,0
HLA-C03:33,0
HLA-C03:330,0
HLA-C03:331,0
HLA-C03:332,0
HLA-C03:333,0
HLA-C03:334,0
HLA-C03:335,0
HLA-C03:336,0
HLA-C03:337,0
HLA-C03:338,0
HLA-C03:339,0
HLA-C03:34,0.011
HLA-C03:340,0
HLA-C03:341,0
HLA-C03:342,0
HLA-C03:343,0
HLA-C03:344,0
HLA-C03:345,0
HLA-C03:346,0
HLA-C03:347,0
HLA-C03:348,0
HLA-C03:349,0
HLA-C03:35,0.001
HLA-C03:350,0
HLA-C03:351,0
HLA-C03:352,0
HLA-C03:353,0
HLA-C03:354,0
HLA-C03:355,0
HLA-C03:356,0
HLA-C03:357,0
HLA-C03:358,0
HLA-C03:359,0.004
HLA-C03:36,0.008
HLA-C03:360,0
HLA-C03:361,0
HLA-C03:362,0
HLA-C03:364,0
HLA-C03:365,0
HLA-C03:367,0
HLA-C03:368,0
HLA-C03:369,0
HLA-C03:37,0.006
HLA-C03:370,0
HLA-C03:371,0
HLA-C03:372,0
HLA-C03:373,0
HLA-C03:374,0
HLA-C03:375,0
HLA-C03:376,0
HLA-C03:378,0.01
HLA-C03:379,0
HLA-C03:38,0.001
HLA-C03:381,0
HLA-C03:382,0
HLA-C03:383,0
HLA-C03:384,0
HLA-C03:385,0
HLA-C03:386,0
HLA-C03:387,0
HLA-C03:388,0
HLA-C03:389,0
HLA-C03:39,0.002
HLA-C03:390,0
HLA-C03:393,0
HLA-C03:394,0
HLA-C03:395,0
HLA-C03:397,0
HLA-C03:398,0
HLA-C03:399,0
HLA-C03:40,0
HLA-C03:400,0
HLA-C03:401,0
HLA-C03:402,0
HLA-C03:403,0
HLA-C03:404,0
HLA-C03:405,0
HLA-C03:406,0
HLA-C03:407,0
HLA-C03:408,0
HLA-C03:409,0
HLA-C03:41,0
HLA-C03:410,0
HLA-C03:411,0
HLA-C03:412,0
HLA-C03:413,0
HLA-C03:414,0
HLA-C03:415,0
HLA-C03:416,0
HLA-C03:417,0
HLA-C03:418,0
HLA-C03:419,0
HLA-C03:42,0.001
HLA-C03:420,0
HLA-C03:422,0
HLA-C03:423,0
HLA-C03:425,0
HLA-C03:426,0
HLA-C03:427,0
HLA-C03:428,0
HLA-C03:429,0
HLA-C03:43,0
HLA-C03:430,0
HLA-C03:431,0
HLA-C03:433,0
HLA-C03:434,0
HLA-C03:435,0
HLA-C03:436,0
HLA-C03:437,0
HLA-C03:438,0
HLA-C03:439,0
HLA-C03:44,0.004
HLA-C03:440,0
HLA-C03:441,0
HLA-C03:443,0
HLA-C03:45,0
HLA-C03:450,0
HLA-C03:451,0
HLA-C03:452,0
HLA-C03:453,0
HLA-C03:454,0
HLA-C03:455,0
HLA-C03:456,0
HLA-C03:457,0
HLA-C03:458,0
HLA-C03:459,0
HLA-C03:46,0.05
HLA-C03:460,0
HLA-C03:47,0.001
HLA-C03:48,0
HLA-C03:49,0.003
HLA-C03:50,0
HLA-C03:51,0.001
HLA-C03:52,0
HLA-C03:53,0
HLA-C03:54,0.004
HLA-C03:55,0
HLA-C03:56,0.003
HLA-C03:57,0.002
HLA-C03:58,0
HLA-C03:59,0
HLA-C03:60,0.003
HLA-C03:61,0
HLA-C03:62,0
HLA-C03:63,0
HLA-C03:64,0
HLA-C03:65,0
HLA-C03:66,0
HLA-C03:67,0.02
HLA-C03:68,0
HLA-C03:69,0
HLA-C03:70,0
HLA-C03:71,0
HLA-C03:72,0
HLA-C03:73,0
HLA-C03:74,0
HLA-C03:75,0
HLA-C03:76,0
HLA-C03:77,0
HLA-C03:78,0.001
HLA-C03:79,0
HLA-C03:80,0
HLA-C03:81,0.01
HLA-C03:82,0
HLA-C03:83,0
HLA-C03:84,0
HLA-C03:85,0.019
HLA-C03:86,0.007
HLA-C03:87,0
HLA-C03:88,0.007
HLA-C03:89,0
HLA-C03:90,0
HLA-C03:91,0
HLA-C03:92,0
HLA-C03:93,0
HLA-C03:94,0.003
HLA-C03:95,0
HLA-C03:96,0
HLA-C03:97,0
HLA-C03:98,0
HLA-C03:99,0
HLA-C04:01,12.32
HLA-C04:03,0.182
HLA-C04:04,0.018
HLA-C04:05,0.001
HLA-C04:06,0.015
HLA-C04:07,0.008
HLA-C04:08,0.001
HLA-C04:10,0.004
HLA-C04:100,0
HLA-C04:101,0
HLA-C04:102,0
HLA-C04:103,0
HLA-C04:104,0
HLA-C04:106,0
HLA-C04:107,0.033
HLA-C04:108,0
HLA-C04:109,0
HLA-C04:11,0.001
HLA-C04:110,0
HLA-C04:111,0
HLA-C04:112,0
HLA-C04:113,0.18
HLA-C04:114,0
HLA-C04:116,0
HLA-C04:117,0
HLA-C04:118,0
HLA-C04:119,0
HLA-C04:12,0
HLA-C04:120,0
HLA-C04:121,0
HLA-C04:122,0
HLA-C04:124,0
HLA-C04:125,0
HLA-C04:126,0
HLA-C04:127,0
HLA-C04:128,0
HLA-C04:129,0
HLA-C04:13,0.002
HLA-C04:130,0
HLA-C04:131,0
HLA-C04:132,0.007
HLA-C04:133,0
HLA-C04:134,0
HLA-C04:135,0
HLA-C04:136,0
HLA-C04:137,0
HLA-C04:138,0
HLA-C04:139,0
HLA-C04:14,0.001
HLA-C04:140,0
HLA-C04:141,0
HLA-C04:142,0.051
HLA-C04:143,0
HLA-C04:144,0
HLA-C04:145,0
HLA-C04:146,0.016
HLA-C04:147,0
HLA-C04:148,0
HLA-C04:149,0
HLA-C04:15,0
HLA-C04:150,0
HLA-C04:151,0
HLA-C04:152,0
HLA-C04:153,0
HLA-C04:154,0
HLA-C04:155,0
HLA-C04:156,0
HLA-C04:157,0
HLA-C04:158,0
HLA-C04:159,0
HLA-C04:16,0
HLA-C04:160,0
HLA-C04:161,0
HLA-C04:162,0
HLA-C04:163,0
HLA-C04:164,0
HLA-C04:165,0
HLA-C04:166,0
HLA-C04:167,0
HLA-C04:168,0
HLA-C04:169,0
HLA-C04:17,0.001
HLA-C04:171,0
HLA-C04:172,0
HLA-C04:174,0
HLA-C04:175,0
HLA-C04:176,0
HLA-C04:177,0
HLA-C04:178,0
HLA-C04:179,0
HLA-C04:18,0.11
HLA-C04:180,0
HLA-C04:181,0
HLA-C04:182,0
HLA-C04:183,0
HLA-C04:184,0
HLA-C04:185,0
HLA-C04:186,0
HLA-C04:187,0
HLA-C04:188,0
HLA-C04:189,0
HLA-C04:19,0.001
HLA-C04:190,0
HLA-C04:192,0
HLA-C04:193,0
HLA-C04:194,0
HLA-C04:195,0
HLA-C04:196,0
HLA-C04:197,0
HLA-C04:198,0.002
HLA-C04:199,0
HLA-C04:20,0.32
HLA-C04:200,0
HLA-C04:201,0
HLA-C04:202,0
HLA-C04:204,0
HLA-C04:206,0
HLA-C04:207,0
HLA-C04:208,0
HLA-C04:209,0
HLA-C04:210,0
HLA-C04:211,0
HLA-C04:212,0
HLA-C04:213,0
HLA-C04:214,0
HLA-C04:216,0
HLA-C04:218,0
HLA-C04:219,0
HLA-C04:220,0
HLA-C04:221,0
HLA-C04:222,0
HLA-C04:223,0
HLA-C04:224,0
HLA-C04:226,0.111
HLA-C04:227,0
HLA-C04:228,0
HLA-C04:229,0
HLA-C04:23,0
HLA-C04:230,0
HLA-C04:231,0
HLA-C04:232,0
HLA-C04:235,0
HLA-C04:237,0
HLA-C04:238,0
HLA-C04:239,0
HLA-C04:24,0
HLA-C04:240,0
HLA-C04:241,0
HLA-C04:242,0
HLA-C04:243,0
HLA-C04:244,0
HLA-C04:245,0
HLA-C04:246,0
HLA-C04:247,0
HLA-C04:248,0
HLA-C04:249,0
HLA-C04:25,0.165
HLA-C04:250,0
HLA-C04:251,0
HLA-C04:252,0
HLA-C04:254,0
HLA-C04:256,0
HLA-C04:257,0
HLA-C04:258,0
HLA-C04:259,0
HLA-C04:26,0.001
HLA-C04:260,0
HLA-C04:261,0
HLA-C04:262,0
HLA-C04:263,0
HLA-C04:264,0
HLA-C04:265,0
HLA-C04:266,0
HLA-C04:267,0.002
HLA-C04:268,0
HLA-C04:269,0
HLA-C04:27,0.007
HLA-C04:270,0
HLA-C04:271,0
HLA-C04:272,0
HLA-C04:273,0
HLA-C04:274,0
HLA-C04:275,0
HLA-C04:276,0
HLA-C04:277,0
HLA-C04:278,0
HLA-C04:28,0
HLA-C04:280,0
HLA-C04:281,0
HLA-C04:282,0
HLA-C04:283,0
HLA-C04:284,0
HLA-C04:285,0
HLA-C04:286,0
HLA-C04:287,0
HLA-C04:288,0
HLA-C04:289,0
HLA-C04:29,0
HLA-C04:290,0
HLA-C04:291,0
HLA-C04:292,0
HLA-C04:293,0
HLA-C04:294,0
HLA-C04:295,0
HLA-C04:296,0
HLA-C04:297,0
HLA-C04:298,0
HLA-C04:299,0
HLA-C04:30,0.01
HLA-C04:301,0
HLA-C04:302,0
HLA-C04:303,0
HLA-C04:304,0
HLA-C04:306,0
HLA-C04:307,0
HLA-C04:308,0
HLA-C04:31,0.05
HLA-C04:310,0
HLA-C04:311,0
HLA-C04:312,0
HLA-C04:313,0
HLA-C04:314,0
HLA-C04:315,0
HLA-C04:316,0
HLA-C04:317,0
HLA-C04:318,0
HLA-C04:319,0
HLA-C04:32,0
HLA-C04:320,0
HLA-C04:321,0
HLA-C04:322,0
HLA-C04:323,0
HLA-C04:324,0
HLA-C04:325,0
HLA-C04:326,0
HLA-C04:327,0
HLA-C04:328,0
HLA-C04:329,0
HLA-C04:33,0
HLA-C04:330,0
HLA-C04:331,0
HLA-C04:332,0
HLA-C04:333,0
HLA-C04:334,0
HLA-C04:335,0
HLA-C04:336,0
HLA-C04:337,0
HLA-C04:338,0
HLA-C04:339,0
HLA-C04:34,0
HLA-C04:340,0
HLA-C04:341,0
HLA-C04:342,0
HLA-C04:343,0
HLA-C04:344,0
HLA-C04:345,0
HLA-C04:346,0
HLA-C04:347,0
HLA-C04:348,0
HLA-C04:35,0
HLA-C04:351,0
HLA-C04:352,0
HLA-C04:353,0
HLA-C04:354,0
HLA-C04:355,0
HLA-C04:356,0
HLA-C04:357,0
HLA-C04:358,0
HLA-C04:359,0
HLA-C04:36,0
HLA-C04:37,0.001
HLA-C04:38,0
HLA-C04:39,0
HLA-C04:40,0
HLA-C04:41,0
HLA-C04:42,0.002
HLA-C04:43,8.214
HLA-C04:44,0
HLA-C04:45,0
HLA-C04:46,0.001
HLA-C04:47,0.001
HLA-C04:48,0
HLA-C04:49,0
HLA-C04:50,0
HLA-C04:51,0
HLA-C04:52,0
HLA-C04:53,0
HLA-C04:54,0
HLA-C04:55,0.001
HLA-C04:56,0.001
HLA-C04:57,0
HLA-C04:58,0
HLA-C04:60,0
HLA-C04:61,0
HLA-C04:62,0
HLA-C04:63,0
HLA-C04:64,0
HLA-C04:65,0
HLA-C04:66,0
HLA-C04:67,0
HLA-C04:68,0
HLA-C04:69,0
HLA-C04:70,0
HLA-C04:71,0
HLA-C04:72,0
HLA-C04:73,0
HLA-C04:74,0
HLA-C04:75,0
HLA-C04:76,0
HLA-C04:77,0
HLA-C04:78,0
HLA-C04:79,0
HLA-C04:80,0
HLA-C04:81,0
HLA-C04:82,0.185
HLA-C04:83,0
HLA-C04:84,0
HLA-C04:85,0
HLA-C04:86,0
HLA-C04:87,0
HLA-C04:89,0
HLA-C04:90,0
HLA-C04:91,0
HLA-C04:92,0
HLA-C04:94,0
HLA-C04:96,0
HLA-C04:97,0
HLA-C04:98,0
HLA-C04:99,0
HLA-C05:01,6.501
HLA-C05:03,0.374
HLA-C05:04,0.002
HLA-C05:05,0.001
HLA-C05:06,0
HLA-C05:08,0.003
HLA-C05:09,0.003
HLA-C05:10,0
HLA-C05:100,0
HLA-C05:101,0
HLA-C05:102,0
HLA-C05:103,0
HLA-C05:104,0
HLA-C05:105,0
HLA-C05:106,0
HLA-C05:107,0
HLA-C05:108,0
HLA-C05:109,0
HLA-C05:11,0
HLA-C05:110,0
HLA-C05:111,0
HLA-C05:112,0
HLA-C05:114,0
HLA-C05:115,0
HLA-C05:116,0
HLA-C05:117,0
HLA-C05:118,0
HLA-C05:119,0
HLA-C05:12,0
HLA-C05:120,0
HLA-C05:121,0
HLA-C05:122,0
HLA-C05:123,0
HLA-C05:124,0
HLA-C05:125,0
HLA-C05:126,0
HLA-C05:127,0
HLA-C05:129,0
HLA-C05:13,0.001
HLA-C05:130,0
HLA-C05:131,0
HLA-C05:132,0
HLA-C05:133,0
HLA-C05:134,0
HLA-C05:135,0
HLA-C05:136,0
HLA-C05:137,0
HLA-C05:138,0
HLA-C05:139,0
HLA-C05:14,0
HLA-C05:140,0
HLA-C05:141,0
HLA-C05:142,0
HLA-C05:143,0
HLA-C05:144,0
HLA-C05:145,0
HLA-C05:146,0
HLA-C05:147,0
HLA-C05:148,0
HLA-C05:149,0
HLA-C05:15,0
HLA-C05:150,0
HLA-C05:151,0
HLA-C05:152,0
HLA-C05:155,0
HLA-C05:156,0
HLA-C05:157,0
HLA-C05:158,0.01
HLA-C05:159,0
HLA-C05:16,0
HLA-C05:160,0
HLA-C05:161,0
HLA-C05:162,0
HLA-C05:163,0
HLA-C05:164,0
HLA-C05:165,0
HLA-C05:166,0
HLA-C05:167,0
HLA-C05:168,0
HLA-C05:17,0
HLA-C05:170,0
HLA-C05:171,0
HLA-C05:172,0
HLA-C05:173,0
HLA-C05:174,0
HLA-C05:176,0
HLA-C05:177,0
HLA-C05:178,0
HLA-C05:179,0
HLA-C05:18,0
HLA-C05:181,0
HLA-C05:182,0
HLA-C05:183,0
HLA-C05:184,0
HLA-C05:185,0
HLA-C05:186,0
HLA-C05:187,0
HLA-C05:188,0
HLA-C05:189,0
HLA-C05:19,0
HLA-C05:190,0
HLA-C05:191,0
HLA-C05:192,0
HLA-C05:193,0
HLA-C05:194,0
HLA-C05:195,0
HLA-C05:196,0
HLA-C05:197,0
HLA-C05:198,0
HLA-C05:199,0
HLA-C05:20,0.001
HLA-C05:200,0
HLA-C05:201,0
HLA-C05:203,0
HLA-C05:21,0
HLA-C05:22,0
HLA-C05:23,0
HLA-C05:24,0
HLA-C05:25,0.32
HLA-C05:26,0
HLA-C05:27,0
HLA-C05:28,0
HLA-C05:29,0
HLA-C05:30,0
HLA-C05:31,0
HLA-C05:32,0
HLA-C05:33,0
HLA-C05:34,0.001
HLA-C05:35,0
HLA-C05:36,0
HLA-C05:37,0.015
HLA-C05:38,0
HLA-C05:39,0
HLA-C05:40,0
HLA-C05:41,0
HLA-C05:42,0.001
HLA-C05:43,0
HLA-C05:44,0
HLA-C05:45,0
HLA-C05:46,0
HLA-C05:47,0
HLA-C05:49,0
HLA-C05:50,0
HLA-C05:52,0
HLA-C05:53,0
HLA-C05:54,0
HLA-C05:55,0
HLA-C05:56,0
HLA-C05:57,0
HLA-C05:58,0
HLA-C05:59,0
HLA-C05:60,0
HLA-C05:61,0
HLA-C05:62,0
HLA-C05:63,0
HLA-C05:64,0
HLA-C05:65,0
HLA-C05:66,0
HLA-C05:67,0
HLA-C05:68,0
HLA-C05:69,0
HLA-C05:70,0
HLA-C05:71,0
HLA-C05:72,0
HLA-C05:73,0
HLA-C05:74,0
HLA-C05:75,0
HLA-C05:76,0
HLA-C05:77,0
HLA-C05:78,0
HLA-C05:79,0
HLA-C05:80,0.002
HLA-C05:81,0
HLA-C05:82,0
HLA-C05:83,0
HLA-C05:84,0
HLA-C05:85,0
HLA-C05:86,0
HLA-C05:87,0
HLA-C05:88,0
HLA-C05:89,0
HLA-C05:90,0
HLA-C05:93,0
HLA-C05:94,0
HLA-C05:95,0
HLA-C05:96,0
HLA-C05:97,0
HLA-C05:98,0
HLA-C06:02,9.271
HLA-C06:03,0
HLA-C06:04,0.004
HLA-C06:05,0
HLA-C06:06,0.001
HLA-C06:07,0.001
HLA-C06:08,0.001
HLA-C06:09,0.004
HLA-C06:10,0
HLA-C06:100,0
HLA-C06:101,0
HLA-C06:102,0
HLA-C06:103,0
HLA-C06:104,0
HLA-C06:105,0
HLA-C06:106,0
HLA-C06:107,0
HLA-C06:108,0
HLA-C06:109,0
HLA-C06:11,0
HLA-C06:110,0
HLA-C06:111,0
HLA-C06:112,0.129
HLA-C06:113,0
HLA-C06:114,0
HLA-C06:115,0
HLA-C06:117,0
HLA-C06:118,0
HLA-C06:119,0
HLA-C06:12,0.002
HLA-C06:120,0
HLA-C06:121,0
HLA-C06:122,0
HLA-C06:123,0
HLA-C06:124,0
HLA-C06:125,0
HLA-C06:126,0
HLA-C06:127,0.002
HLA-C06:129,0
HLA-C06:13,0
HLA-C06:130,0
HLA-C06:131,0
HLA-C06:132,0
HLA-C06:133,0
HLA-C06:135,0
HLA-C06:136,0
HLA-C06:137,0
HLA-C06:138,0.04
HLA-C06:139,0
HLA-C06:14,0.001
HLA-C06:140,0
HLA-C06:141,0
HLA-C06:142,0
HLA-C06:143,0
HLA-C06:144,0
HLA-C06:145,0
HLA-C06:146,0
HLA-C06:147,0
HLA-C06:148,0
HLA-C06:149,0
HLA-C06:15,0.004
HLA-C06:150,0
HLA-C06:151,0
HLA-C06:153,0
HLA-C06:154,0
HLA-C06:155,0
HLA-C06:156,0
HLA-C06:157,0
HLA-C06:158,0
HLA-C06:159,0.002
HLA-C06:160,0
HLA-C06:161,0
HLA-C06:162,0
HLA-C06:163,0
HLA-C06:164,0
HLA-C06:165,0
HLA-C06:166,0
HLA-C06:167,0
HLA-C06:168,0
HLA-C06:169,0
HLA-C06:17,0.002
HLA-C06:170,0
HLA-C06:172,0
HLA-C06:173,0
HLA-C06:174,0
HLA-C06:176,0
HLA-C06:177,0
HLA-C06:178,0
HLA-C06:179,0
HLA-C06:18,0.001
HLA-C06:180,0
HLA-C06:181,0
HLA-C06:182,0
HLA-C06:183,0
HLA-C06:184,0
HLA-C06:185,0
HLA-C06:186,0
HLA-C06:187,0
HLA-C06:188,0
HLA-C06:189,0
HLA-C06:19,0
HLA-C06:190,0
HLA-C06:191,0
HLA-C06:192,0
HLA-C06:193,0
HLA-C06:194,0
HLA-C06:195,0
HLA-C06:196,0
HLA-C06:197,0
HLA-C06:198,0
HLA-C06:199,0
HLA-C06:20,0
HLA-C06:201,0
HLA-C06:202,0
HLA-C06:203,0
HLA-C06:204,0
HLA-C06:205,0
HLA-C06:206,0
HLA-C06:207,0
HLA-C06:209,0
HLA-C06:21,0
HLA-C06:210,0
HLA-C06:212,0
HLA-C06:213,0
HLA-C06:214,0
HLA-C06:216,0
HLA-C06:217,0
HLA-C06:218,0
HLA-C06:219,0
HLA-C06:22,0
HLA-C06:221,0
HLA-C06:222,0
HLA-C06:223,0
HLA-C06:224,0
HLA-C06:225,0
HLA-C06:226,0
HLA-C06:227,0
HLA-C06:228,0
HLA-C06:229,0
HLA-C06:23,0.001
HLA-C06:230,0
HLA-C06:231,0
HLA-C06:232,0
HLA-C06:233,0
HLA-C06:234,0
HLA-C06:235,0
HLA-C06:236,0
HLA-C06:237,0
HLA-C06:238,0
HLA-C06:239,0
HLA-C06:24,0.05
HLA-C06:240,0
HLA-C06:241,0
HLA-C06:242,0
HLA-C06:243,0
HLA-C06:244,0
HLA-C06:245,0
HLA-C06:246,0
HLA-C06:247,0
HLA-C06:248,0
HLA-C06:249,0
HLA-C06:25,0
HLA-C06:250,0
HLA-C06:251,0
HLA-C06:26,0
HLA-C06:27,0.006
HLA-C06:28,0.001
HLA-C06:29,0
HLA-C06:30,0.001
HLA-C06:31,0
HLA-C06:32,0.001
HLA-C06:33,0
HLA-C06:34,0
HLA-C06:35,0
HLA-C06:36,0
HLA-C06:37,0
HLA-C06:38,0.006
HLA-C06:39,0.001
HLA-C06:40,0
HLA-C06:41,0
HLA-C06:42,0
HLA-C06:43,0
HLA-C06:44,0
HLA-C06:45,0
HLA-C06:47,0
HLA-C06:48,0
HLA-C06:50,0
HLA-C06:51,0
HLA-C06:52,0
HLA-C06:53,0.072
HLA-C06:54,0
HLA-C06:55,0
HLA-C06:56,0
HLA-C06:57,0
HLA-C06:58,0
HLA-C06:59,0
HLA-C06:60,0
HLA-C06:61,0
HLA-C06:62,0
HLA-C06:63,0
HLA-C06:64,0
HLA-C06:65,0
HLA-C06:66,0
HLA-C06:67,0
HLA-C06:68,0
HLA-C06:69,0
HLA-C06:70,0
HLA-C06:71,0
HLA-C06:72,0
HLA-C06:73,0.01
HLA-C06:75,0
HLA-C06:76,0
HLA-C06:77,0
HLA-C06:78,0
HLA-C06:80,0
HLA-C06:81,0
HLA-C06:82,0
HLA-C06:83,0
HLA-C06:84,0
HLA-C06:85,0
HLA-C06:86,0.002
HLA-C06:87,0
HLA-C06:88,0
HLA-C06:89,0.01
HLA-C06:90,0
HLA-C06:91,0
HLA-C06:92,0
HLA-C06:93,0
HLA-C06:94,0
HLA-C06:95,0
HLA-C06:96,0
HLA-C06:97,0
HLA-C06:98,0.5
HLA-C06:99,0
HLA-C07:01,13.558
HLA-C07:02,13.229
HLA-C07:03,0.023
HLA-C07:04,1.649
HLA-C07:05,0.003
HLA-C07:06,0.171
HLA-C07:07,0.004
HLA-C07:08,0.937
HLA-C07:09,0.001
HLA-C07:10,0.004
HLA-C07:100,0
HLA-C07:101,0
HLA-C07:102,0
HLA-C07:103,0
HLA-C07:105,0
HLA-C07:106,0
HLA-C07:107,0
HLA-C07:108,0
HLA-C07:109,0.001
HLA-C07:11,0
HLA-C07:110,0
HLA-C07:111,0
HLA-C07:112,0
HLA-C07:113,0
HLA-C07:114,0
HLA-C07:115,0
HLA-C07:116,0
HLA-C07:117,0
HLA-C07:118,0
HLA-C07:119,0
HLA-C07:12,0.004
HLA-C07:120,0.001
HLA-C07:122,0
HLA-C07:123,0.01
HLA-C07:124,0
HLA-C07:125,0
HLA-C07:126,0
HLA-C07:127,0
HLA-C07:128,0
HLA-C07:129,0
HLA-C07:13,0
HLA-C07:130,0
HLA-C07:131,0
HLA-C07:132,0
HLA-C07:133,0
HLA-C07:134,0
HLA-C07:135,0
HLA-C07:136,0
HLA-C07:137,0
HLA-C07:138,0
HLA-C07:139,0
HLA-C07:14,0.893
HLA-C07:140,0.001
HLA-C07:141,0
HLA-C07:142,0
HLA-C07:143,0
HLA-C07:144,0
HLA-C07:145,0
HLA-C07:146,0
HLA-C07:147,0
HLA-C07:148,0
HLA-C07:149,0
HLA-C07:15,0.002
HLA-C07:151,0
HLA-C07:153,0
HLA-C07:154,0
HLA-C07:155,0
HLA-C07:156,0
HLA-C07:157,0
HLA-C07:158,0
HLA-C07:159,0
HLA-C07:16,0
HLA-C07:160,0
HLA-C07:161,0.001
HLA-C07:162,0.001
HLA-C07:163,0.001
HLA-C07:165,0
HLA-C07:166,0
HLA-C07:167,0
HLA-C07:168,0.001
HLA-C07:169,0.001
HLA-C07:17,0.003
HLA-C07:170,0.002
HLA-C07:171,0.001
HLA-C07:172,0
HLA-C07:173,0.002
HLA-C07:174,0.002
HLA-C07:175,0.002
HLA-C07:176,0.002
HLA-C07:177,0.002
HLA-C07:178,0.001
HLA-C07:179,0
HLA-C07:18,0.291
HLA-C07:180,0
HLA-C07:181,0
HLA-C07:182,0.002
HLA-C07:183,0
HLA-C07:184,0
HLA-C07:185,0
HLA-C07:186,0
HLA-C07:187,0
HLA-C07:188,0.183
HLA-C07:189,0
HLA-C07:19,0.003
HLA-C07:190,0
HLA-C07:192,0
HLA-C07:193,0
HLA-C07:194,0
HLA-C07:195,0
HLA-C07:196,0
HLA-C07:197,0
HLA-C07:199,0
HLA-C07:20,0
HLA-C07:200,0
HLA-C07:201,0
HLA-C07:202,0
HLA-C07:203,0
HLA-C07:204,0
HLA-C07:205,0
HLA-C07:206,0
HLA-C07:207,0
HLA-C07:208,0
HLA-C07:209,0
HLA-C07:21,0.001
HLA-C07:210,0
HLA-C07:211,0
HLA-C07:212,0
HLA-C07:213,0
HLA-C07:214,0
HLA-C07:215,0
HLA-C07:216,0
HLA-C07:217,0
HLA-C07:218,0
HLA-C07:219,0
HLA-C07:22,0.004
HLA-C07:220,0
HLA-C07:221,0
HLA-C07:222,0
HLA-C07:223,0
HLA-C07:224,0
HLA-C07:225,0
HLA-C07:226,0
HLA-C07:228,0
HLA-C07:229,0
HLA-C07:23,0.003
HLA-C07:230,0
HLA-C07:231,0
HLA-C07:232,0
HLA-C07:233,0
HLA-C07:234,0
HLA-C07:236,0
HLA-C07:237,0
HLA-C07:238,0
HLA-C07:239,0
HLA-C07:24,0
HLA-C07:240,0
HLA-C07:241,0
HLA-C07:242,0
HLA-C07:243,0
HLA-C07:244,0
HLA-C07:245,0
HLA-C07:246,0
HLA-C07:247,0
HLA-C07:248,1.045
HLA-C07:249,0.5
HLA-C07:25,0.001
HLA-C07:250,0
HLA-C07:251,0
HLA-C07:252,0.002
HLA-C07:253,0
HLA-C07:254,0
HLA-C07:255,0
HLA-C07:256,0
HLA-C07:257,0
HLA-C07:258,0
HLA-C07:259,0
HLA-C07:26,0.02
HLA-C07:260,0
HLA-C07:261,0
HLA-C07:262,0.004
HLA-C07:263,0
HLA-C07:265,0
HLA-C07:266,0
HLA-C07:267,0
HLA-C07:268,0
HLA-C07:269,0
HLA-C07:27,0.003
HLA-C07:270,1.452
HLA-C07:271,0
HLA-C07:272,0
HLA-C07:273,0
HLA-C07:274,0
HLA-C07:275,0
HLA-C07:276,0
HLA-C07:277,0
HLA-C07:278,0
HLA-C07:279,0
HLA-C07:28,0
HLA-C07:280,0
HLA-C07:281,0
HLA-C07:282,0
HLA-C07:283,0
HLA-C07:284,0
HLA-C07:285,0
HLA-C07:286,0
HLA-C07:287,0.109
HLA-C07:288,0
HLA-C07:289,0
HLA-C07:29,0.002
HLA-C07:290,0
HLA-C07:291,0
HLA-C07:292,0
HLA-C07:293,0
HLA-C07:294,0
HLA-C07:296,0
HLA-C07:297,0
HLA-C07:298,0
HLA-C07:299,0
HLA-C07:30,0.001
HLA-C07:300,0
HLA-C07:301,0
HLA-C07:302,0
HLA-C07:303,0
HLA-C07:304,0
HLA-C07:305,0
HLA-C07:306,0
HLA-C07:307,0
HLA-C07:308,0.002
HLA-C07:309,0
HLA-C07:31,0
HLA-C07:310,0
HLA-C07:311,0
HLA-C07:312,0
HLA-C07:313,0
HLA-C07:314,0.038
HLA-C07:315,0
HLA-C07:316,0
HLA-C07:317,0
HLA-C07:318,0
HLA-C07:319,0
HLA-C07:320,0
HLA-C07:321,0
HLA-C07:322,0
HLA-C07:323,0
HLA-C07:324,0
HLA-C07:325,0
HLA-C07:326,0
HLA-C07:327,0
HLA-C07:328,0
HLA-C07:330,0
HLA-C07:331,0
HLA-C07:332,0
HLA-C07:333,0
HLA-C07:334,0
HLA-C07:335,0
HLA-C07:336,0
HLA-C07:337,0
HLA-C07:338,0
HLA-C07:339,0
HLA-C07:340,0.1
HLA-C07:341,0
HLA-C07:342,0
HLA-C07:343,0
HLA-C07:344,0
HLA-C07:345,0
HLA-C07:346,0.03
HLA-C07:348,0
HLA-C07:349,0
HLA-C07:35,0.005
HLA-C07:351,0
HLA-C07:352,0
HLA-C07:353,0
HLA-C07:354,0
HLA-C07:355,0
HLA-C07:356,0
HLA-C07:357,0
HLA-C07:358,0
HLA-C07:359,0
HLA-C07:36,0.002
HLA-C07:360,0
HLA-C07:361,0
HLA-C07:362,0
HLA-C07:363,0
HLA-C07:364,0
HLA-C07:365,0
HLA-C07:366,0
HLA-C07:367,0
HLA-C07:368,0
HLA-C07:369,0
HLA-C07:37,0
HLA-C07:370,0
HLA-C07:371,0
HLA-C07:372,0
HLA-C07:373,0
HLA-C07:374,0
HLA-C07:375,0
HLA-C07:376,0
HLA-C07:377,0
HLA-C07:378,0
HLA-C07:379,0
HLA-C07:38,0
HLA-C07:380,0
HLA-C07:381,0
HLA-C07:382,0
HLA-C07:383,0
HLA-C07:384,0
HLA-C07:385,0
HLA-C07:386,0
HLA-C07:387,0
HLA-C07:388,0
HLA-C07:389,0
HLA-C07:39,0
HLA-C07:390,0
HLA-C07:391,0
HLA-C07:392,0
HLA-C07:394,0
HLA-C07:395,0
HLA-C07:396,0
HLA-C07:397,0
HLA-C07:398,0
HLA-C07:399,0
HLA-C07:40,0.002
HLA-C07:400,0
HLA-C07:401,0
HLA-C07:402,0
HLA-C07:403,0
HLA-C07:404,0
HLA-C07:405,0
HLA-C07:406,0
HLA-C07:407,0
HLA-C07:408,0
HLA-C07:409,0
HLA-C07:41,0.32
HLA-C07:410,0
HLA-C07:411,0
HLA-C07:412,0
HLA-C07:413,0
HLA-C07:414,0
HLA-C07:415,0
HLA-C07:416,0
HLA-C07:417,0
HLA-C07:418,0
HLA-C07:419,0
HLA-C07:42,0
HLA-C07:420,0
HLA-C07:421,0
HLA-C07:422,0
HLA-C07:423,0
HLA-C07:424,0
HLA-C07:425,0
HLA-C07:426,0
HLA-C07:427,0
HLA-C07:428,0
HLA-C07:429,0
HLA-C07:43,0.001
HLA-C07:430,0
HLA-C07:431,0
HLA-C07:432,0
HLA-C07:433,0
HLA-C07:434,0
HLA-C07:435,0
HLA-C07:436,0
HLA-C07:438,0
HLA-C07:439,0
HLA-C07:44,0.11
HLA-C07:440,0
HLA-C07:441,0
HLA-C07:442,0
HLA-C07:443,0
HLA-C07:444,0
HLA-C07:445,0
HLA-C07:446,0
HLA-C07:447,0
HLA-C07:448,0
HLA-C07:449,0
HLA-C07:45,0
HLA-C07:450,0
HLA-C07:453,0
HLA-C07:454,0
HLA-C07:455,0
HLA-C07:456,0
HLA-C07:457,0
HLA-C07:458,0
HLA-C07:459,0
HLA-C07:46,0.007
HLA-C07:460,0
HLA-C07:461,0
HLA-C07:462,0
HLA-C07:463,0
HLA-C07:464,0
HLA-C07:465,0
HLA-C07:466,0
HLA-C07:467,0
HLA-C07:468,0
HLA-C07:469,0
HLA-C07:47,0
HLA-C07:470,0
HLA-C07:471,0
HLA-C07:472,0
HLA-C07:473,0
HLA-C07:474,0
HLA-C07:475,0
HLA-C07:477,0
HLA-C07:478,0
HLA-C07:479,0
HLA-C07:48,0.135
HLA-C07:480,0
HLA-C07:481,0
HLA-C07:482,0
HLA-C07:485,0
HLA-C07:486,0
HLA-C07:487,0
HLA-C07:488,0
HLA-C07:489,0
HLA-C07:49,0.001
HLA-C07:490,0
HLA-C07:492,0
HLA-C07:493,0
HLA-C07:495,0
HLA-C07:496,0
HLA-C07:497,0
HLA-C07:498,0
HLA-C07:499,0
HLA-C07:50,0
HLA-C07:500,0
HLA-C07:501,0
HLA-C07:502,0
HLA-C07:503,0
HLA-C07:504,0
HLA-C07:505,0
HLA-C07:506,0
HLA-C07:508,0
HLA-C07:509,0
HLA-C07:51,0
HLA-C07:510,0
HLA-C07:511,0
HLA-C07:512,0
HLA-C07:514,0
HLA-C07:515,0
HLA-C07:516,0
HLA-C07:517,0
HLA-C07:518,0
HLA-C07:519,0
HLA-C07:52,0
HLA-C07:520,0
HLA-C07:521,0
HLA-C07:522,0
HLA-C07:523,0
HLA-C07:524,0
HLA-C07:525,0
HLA-C07:526,0
HLA-C07:527,0
HLA-C07:528,0
HLA-C07:529,0
HLA-C07:53,0
HLA-C07:530,0
HLA-C07:531,0
HLA-C07:532,0
HLA-C07:533,0
HLA-C07:534,0
HLA-C07:535,0
HLA-C07:536,0
HLA-C07:537,0
HLA-C07:538,0
HLA-C07:539,0
HLA-C07:54,0
HLA-C07:540,0
HLA-C07:541,0
HLA-C07:542,0
HLA-C07:543,0
HLA-C07:544,0
HLA-C07:545,0
HLA-C07:546,0
HLA-C07:547,0
HLA-C07:548,0
HLA-C07:549,0
HLA-C07:550,0
HLA-C07:552,0
HLA-C07:553,0
HLA-C07:554,0
HLA-C07:555,0
HLA-C07:556,0
HLA-C07:557,0
HLA-C07:558,0
HLA-C07:559,0
HLA-C07:56,0.005
HLA-C07:560,0
HLA-C07:561,0
HLA-C07:562,0
HLA-C07:563,0
HLA-C07:564,0
HLA-C07:565,0
HLA-C07:566,0
HLA-C07:567,0
HLA-C07:568,0
HLA-C07:569,0
HLA-C07:57,0
HLA-C07:570,0
HLA-C07:571,0
HLA-C07:572,0
HLA-C07:573,0
HLA-C07:574,0
HLA-C07:575,0
HLA-C07:576,0
HLA-C07:577,0
HLA-C07:578,0.06
HLA-C07:579,0
HLA-C07:58,0
HLA-C07:580,0
HLA-C07:581,0
HLA-C07:583,0
HLA-C07:584,0
HLA-C07:585,0
HLA-C07:586,0
HLA-C07:587,0
HLA-C07:588,0
HLA-C07:589,0
HLA-C07:59,0
HLA-C07:590,0
HLA-C07:591,0
HLA-C07:592,0
HLA-C07:594,0
HLA-C07:595,0.028
HLA-C07:596,0
HLA-C07:597,0
HLA-C07:598,0
HLA-C07:599,0
HLA-C07:60,0.003
HLA-C07:601,0
HLA-C07:602,0
HLA-C07:604,0
HLA-C07:605,0
HLA-C07:606,0
HLA-C07:607,0
HLA-C07:608,0
HLA-C07:609,0
HLA-C07:610,0
HLA-C07:611,0
HLA-C07:612,0
HLA-C07:613,0
HLA-C07:614,0
HLA-C07:615,0
HLA-C07:616,0
HLA-C07:617,0
HLA-C07:618,0
HLA-C07:619,0
HLA-C07:62,0
HLA-C07:620,0
HLA-C07:621,0
HLA-C07:622,0
HLA-C07:623,0
HLA-C07:624,0
HLA-C07:625,0
HLA-C07:626,0
HLA-C07:627,0
HLA-C07:628,0
HLA-C07:629,0
HLA-C07:63,0.01
HLA-C07:630,0.01
HLA-C07:631,0
HLA-C07:634,0
HLA-C07:635,0
HLA-C07:636,0
HLA-C07:637,0
HLA-C07:638,0
HLA-C07:639,0
HLA-C07:64,0
HLA-C07:640,0
HLA-C07:641,0
HLA-C07:642,0
HLA-C07:643,0
HLA-C07:644,0
HLA-C07:645,0
HLA-C07:646,0
HLA-C07:647,0
HLA-C07:648,0
HLA-C07:649,0
HLA-C07:65,0
HLA-C07:650,0
HLA-C07:651,0
HLA-C07:652,0
HLA-C07:653,0
HLA-C07:654,0
HLA-C07:655,0
HLA-C07:656,0
HLA-C07:657,0
HLA-C07:658,0
HLA-C07:659,0
HLA-C07:66,0.105
HLA-C07:660,0
HLA-C07:661,0
HLA-C07:662,0
HLA-C07:664,0
HLA-C07:665,0
HLA-C07:666,0
HLA-C07:667,0
HLA-C07:668,0
HLA-C07:669,0
HLA-C07:67,0.042
HLA-C07:670,0
HLA-C07:671,0
HLA-C07:673,0
HLA-C07:674,0
HLA-C07:676,0
HLA-C07:677,0
HLA-C07:678,0
HLA-C07:679,0
HLA-C07:68,0.002
HLA-C07:680,0
HLA-C07:681,0
HLA-C07:682,0
HLA-C07:683,0
HLA-C07:684,0
HLA-C07:685,0
HLA-C07:687,0
HLA-C07:688,0
HLA-C07:689,0
HLA-C07:69,0
HLA-C07:691,0
HLA-C07:692,0
HLA-C07:693,0
HLA-C07:694,0
HLA-C07:695,0
HLA-C07:696,0
HLA-C07:698,0
HLA-C07:699,0
HLA-C07:70,0
HLA-C07:700,0
HLA-C07:701,0
HLA-C07:703,0
HLA-C07:704,0
HLA-C07:705,0
HLA-C07:706,0
HLA-C07:707,0
HLA-C07:708,0
HLA-C07:709,0
HLA-C07:71,0
HLA-C07:710,0
HLA-C07:711,0
HLA-C07:712,0
HLA-C07:713,0
HLA-C07:714,0
HLA-C07:715,0
HLA-C07:716,0
HLA-C07:717,0
HLA-C07:718,0
HLA-C07:719,0
HLA-C07:72,0
HLA-C07:720,0
HLA-C07:721,0
HLA-C07:722,0
HLA-C07:723,0
HLA-C07:724,0
HLA-C07:73,0
HLA-C07:74,0
HLA-C07:75,0
HLA-C07:76,0
HLA-C07:77,0
HLA-C07:78,0
HLA-C07:79,0
HLA-C07:80,0.027
HLA-C07:81,0
HLA-C07:82,0
HLA-C07:83,0
HLA-C07:84,0
HLA-C07:85,0
HLA-C07:86,0
HLA-C07:87,0
HLA-C07:88,0
HLA-C07:89,0
HLA-C07:90,0
HLA-C07:91,0.001
HLA-C07:92,0
HLA-C07:93,0
HLA-C07:94,0
HLA-C07:95,0
HLA-C07:96,0
HLA-C07:97,0
HLA-C07:99,0
HLA-C08:01,0.883
HLA-C08:02,2.772
HLA-C08:03,0.072
HLA-C08:04,0.089
HLA-C08:05,0
HLA-C08:06,0.002
HLA-C08:07,0
HLA-C08:08,0.001
HLA-C08:09,0
HLA-C08:10,0.001
HLA-C08:100,0
HLA-C08:101,0
HLA-C08:102,0
HLA-C08:103,0
HLA-C08:104,0
HLA-C08:105,0
HLA-C08:106,0
HLA-C08:107,0
HLA-C08:108,0
HLA-C08:109,0
HLA-C08:11,0.001
HLA-C08:110,0
HLA-C08:111,0
HLA-C08:112,0
HLA-C08:113,0
HLA-C08:114,0
HLA-C08:115,0
HLA-C08:116,0
HLA-C08:117,0
HLA-C08:118,0
HLA-C08:119,0
HLA-C08:12,0
HLA-C08:120,0
HLA-C08:122,0
HLA-C08:123,0
HLA-C08:124,0
HLA-C08:125,0
HLA-C08:126,0
HLA-C08:128,0
HLA-C08:13,0.002
HLA-C08:131,0
HLA-C08:132,0
HLA-C08:133,0
HLA-C08:134,0
HLA-C08:135,0
HLA-C08:136,0
HLA-C08:137,0.016
HLA-C08:138,0
HLA-C08:139,0
HLA-C08:14,0
HLA-C08:140,0
HLA-C08:142,0
HLA-C08:143,0
HLA-C08:144,0
HLA-C08:145,0
HLA-C08:146,0
HLA-C08:147,0
HLA-C08:148,0
HLA-C08:149,0
HLA-C08:15,0
HLA-C08:150,0
HLA-C08:151,0
HLA-C08:152,0
HLA-C08:153,0
HLA-C08:154,0
HLA-C08:155,0
HLA-C08:156,0
HLA-C08:157,0
HLA-C08:158,0
HLA-C08:159,0
HLA-C08:16,0.003
HLA-C08:160,0
HLA-C08:162,0.034
HLA-C08:163,0
HLA-C08:164,0
HLA-C08:165,0
HLA-C08:166,0
HLA-C08:167,0
HLA-C08:168,0
HLA-C08:169,0
HLA-C08:17,0
HLA-C08:170,0
HLA-C08:171,0
HLA-C08:172,0
HLA-C08:174,0
HLA-C08:175,0
HLA-C08:176,0
HLA-C08:177,0
HLA-C08:178,0
HLA-C08:18,0
HLA-C08:19,0
HLA-C08:20,0.05
HLA-C08:21,0.017
HLA-C08:22,0.424
HLA-C08:23,0.001
HLA-C08:24,0
HLA-C08:25,0.63
HLA-C08:27,0.002
HLA-C08:28,0.002
HLA-C08:29,0.001
HLA-C08:30,0
HLA-C08:31,0
HLA-C08:32,0
HLA-C08:33,0
HLA-C08:34,0
HLA-C08:35,0.001
HLA-C08:37,0
HLA-C08:38,0.046
HLA-C08:39,0.11
HLA-C08:40,0
HLA-C08:41,0.01
HLA-C08:42,0.002
HLA-C08:43,0
HLA-C08:44,0
HLA-C08:45,0
HLA-C08:46,0
HLA-C08:47,0
HLA-C08:48,0
HLA-C08:49,0
HLA-C08:50,0
HLA-C08:51,0
HLA-C08:53,0
HLA-C08:54,0
HLA-C08:56,0
HLA-C08:57,0
HLA-C08:58,0
HLA-C08:59,0
HLA-C08:60,0
HLA-C08:61,0
HLA-C08:62,0
HLA-C08:63,0
HLA-C08:65,0
HLA-C08:66,0
HLA-C08:67,0
HLA-C08:68,0
HLA-C08:69,0
HLA-C08:71,0
HLA-C08:72,0
HLA-C08:73,0
HLA-C08:74,0
HLA-C08:75,0
HLA-C08:76,0
HLA-C08:77,0
HLA-C08:78,0
HLA-C08:79,0
HLA-C08:80,0
HLA-C08:81,0
HLA-C08:82,0
HLA-C08:83,0
HLA-C08:84,0
HLA-C08:85,0
HLA-C08:86,0
HLA-C08:87,0
HLA-C08:90,0
HLA-C08:91,0
HLA-C08:92,0.1
HLA-C08:93,0
HLA-C08:94,0
HLA-C08:95,0
HLA-C08:96,0
HLA-C08:97,0
HLA-C08:98,0
HLA-C08:99,0
HLA-C12:02,1.243
HLA-C12:03,4.883
HLA-C12:04,0.028
HLA-C12:05,0.007
HLA-C12:06,0
HLA-C12:07,0.002
HLA-C12:08,0
HLA-C12:09,0.001
HLA-C12:10,0
HLA-C12:100,0
HLA-C12:101,0.002
HLA-C12:102,0
HLA-C12:103,0
HLA-C12:106,0
HLA-C12:107,0
HLA-C12:108,0
HLA-C12:109,0
HLA-C12:11,0
HLA-C12:110,0
HLA-C12:111,0
HLA-C12:112,0
HLA-C12:113,0
HLA-C12:114,0
HLA-C12:115,0
HLA-C12:116,0
HLA-C12:117,0
HLA-C12:118,0
HLA-C12:119,0
HLA-C12:12,0.001
HLA-C12:120,0
HLA-C12:121,0
HLA-C12:122,0
HLA-C12:123,0
HLA-C12:124,0
HLA-C12:125,0
HLA-C12:126,0
HLA-C12:127,0
HLA-C12:128,0
HLA-C12:129,0
HLA-C12:13,0.001
HLA-C12:130,0
HLA-C12:131,0
HLA-C12:132,0
HLA-C12:133,0
HLA-C12:134,0
HLA-C12:135,0
HLA-C12:136,0
HLA-C12:137,0
HLA-C12:138,0
HLA-C12:139,0.012
HLA-C12:14,0
HLA-C12:140,0
HLA-C12:141,0
HLA-C12:142,0
HLA-C12:143,0
HLA-C12:144,0
HLA-C12:145,0.1
HLA-C12:146,0
HLA-C12:147,0
HLA-C12:149,0
HLA-C12:15,0.03
HLA-C12:150,0
HLA-C12:151,0
HLA-C12:152,0
HLA-C12:153,0
HLA-C12:154,0
HLA-C12:156,0
HLA-C12:157,0
HLA-C12:158,0
HLA-C12:159,0
HLA-C12:16,0.003
HLA-C12:160,0
HLA-C12:161,0
HLA-C12:162,0
HLA-C12:163,0
HLA-C12:164,0
HLA-C12:165,0
HLA-C12:166,0
HLA-C12:167,0
HLA-C12:168,0
HLA-C12:169,0
HLA-C12:17,0
HLA-C12:170,0
HLA-C12:171,0
HLA-C12:172,0
HLA-C12:173,0
HLA-C12:174,0
HLA-C12:175,0
HLA-C12:176,0
HLA-C12:177,0
HLA-C12:178,0
HLA-C12:179,0
HLA-C12:18,0.003
HLA-C12:180,0
HLA-C12:181,0
HLA-C12:182,0
HLA-C12:183,0
HLA-C12:184,0
HLA-C12:185,0
HLA-C12:186,0
HLA-C12:187,0
HLA-C12:188,0
HLA-C12:189,0
HLA-C12:19,0.001
HLA-C12:190,0
HLA-C12:191,0
HLA-C12:192,0
HLA-C12:193,0
HLA-C12:194,0
HLA-C12:195,0
HLA-C12:196,0
HLA-C12:197,0
HLA-C12:198,0
HLA-C12:199,0
HLA-C12:20,0.003
HLA-C12:200,0
HLA-C12:201,0
HLA-C12:202,0
HLA-C12:203,0
HLA-C12:204,0
HLA-C12:205,0
HLA-C12:206,0
HLA-C12:207,0
HLA-C12:208,0
HLA-C12:209,0
HLA-C12:21,0
HLA-C12:210,0
HLA-C12:211,0
HLA-C12:212,0
HLA-C12:213,0
HLA-C12:214,0
HLA-C12:215,0
HLA-C12:216,0
HLA-C12:217,0
HLA-C12:218,0
HLA-C12:22,0
HLA-C12:220,0
HLA-C12:221,0
HLA-C12:222,0
HLA-C12:223,0
HLA-C12:224,0
HLA-C12:225,0
HLA-C12:226,0
HLA-C12:227,0
HLA-C12:228,0
HLA-C12:229,0
HLA-C12:23,0
HLA-C12:230,0
HLA-C12:231,0
HLA-C12:233,0
HLA-C12:234,0
HLA-C12:235,0
HLA-C12:237,0
HLA-C12:238,0
HLA-C12:239,0
HLA-C12:24,0
HLA-C12:240,0
HLA-C12:241,0
HLA-C12:242,0
HLA-C12:243,0
HLA-C12:244,0
HLA-C12:245,0
HLA-C12:246,0
HLA-C12:247,0
HLA-C12:248,0
HLA-C12:249,0
HLA-C12:25,0
HLA-C12:250,0
HLA-C12:251,0
HLA-C12:252,0
HLA-C12:253,0
HLA-C12:254,0
HLA-C12:255,0
HLA-C12:256,0
HLA-C12:257,0
HLA-C12:258,0
HLA-C12:259,0
HLA-C12:26,0
HLA-C12:260,0
HLA-C12:261,0
HLA-C12:262,0
HLA-C12:263,0
HLA-C12:264,0
HLA-C12:265,0
HLA-C12:266,0
HLA-C12:267,0
HLA-C12:27,0
HLA-C12:28,0
HLA-C12:29,0
HLA-C12:30,0.001
HLA-C12:31,0
HLA-C12:32,0
HLA-C12:33,0
HLA-C12:34,0.001
HLA-C12:35,0
HLA-C12:36,0
HLA-C12:37,0
HLA-C12:38,0
HLA-C12:40,0
HLA-C12:41,0
HLA-C12:43,0
HLA-C12:44,0
HLA-C12:45,0
HLA-C12:47,0
HLA-C12:48,0
HLA-C12:49,0
HLA-C12:50,0
HLA-C12:51,0
HLA-C12:52,0
HLA-C12:53,0
HLA-C12:54,0
HLA-C12:55,0
HLA-C12:56,0
HLA-C12:57,0
HLA-C12:58,0
HLA-C12:59,0
HLA-C12:60,0
HLA-C12:61,0
HLA-C12:62,0
HLA-C12:63,0
HLA-C12:64,0
HLA-C12:65,0
HLA-C12:66,0
HLA-C12:67,0
HLA-C12:68,0
HLA-C12:69,0
HLA-C12:70,0
HLA-C12:71,0
HLA-C12:72,0
HLA-C12:73,0.01
HLA-C12:74,0
HLA-C12:75,0
HLA-C12:76,0
HLA-C12:77,0
HLA-C12:78,0
HLA-C12:79,0
HLA-C12:81,0
HLA-C12:82,0
HLA-C12:83,0
HLA-C12:85,0
HLA-C12:86,0
HLA-C12:87,0
HLA-C12:88,0
HLA-C12:89,0
HLA-C12:90,0
HLA-C12:91,0
HLA-C12:92,0
HLA-C12:93,0
HLA-C12:94,0
HLA-C12:95,0
HLA-C12:96,0
HLA-C12:97,0
HLA-C12:98,0.02
HLA-C12:99,0
HLA-C14:02,1.627
HLA-C14:03,0.141
HLA-C14:04,0.005
HLA-C14:05,0.003
HLA-C14:06,0.003
HLA-C14:08,0.33
HLA-C14:09,0
HLA-C14:10,0.001
HLA-C14:100,0
HLA-C14:101,0
HLA-C14:102,0
HLA-C14:103,0
HLA-C14:104,0
HLA-C14:11,0
HLA-C14:12,0.001
HLA-C14:13,0
HLA-C14:14,0
HLA-C14:15,0
HLA-C14:16,0
HLA-C14:17,0
HLA-C14:18,0
HLA-C14:19,0
HLA-C14:20,0
HLA-C14:22,0
HLA-C14:23,0
HLA-C14:24,0
HLA-C14:25,0
HLA-C14:26,0
HLA-C14:27,0
HLA-C14:28,0
HLA-C14:29,0
HLA-C14:30,0
HLA-C14:31,0
HLA-C14:32,0
HLA-C14:33,0
HLA-C14:34,0
HLA-C14:36,0
HLA-C14:37,0
HLA-C14:38,0
HLA-C14:39,0
HLA-C14:40,0
HLA-C14:41,0
HLA-C14:42,0
HLA-C14:43,0
HLA-C14:44,0
HLA-C14:45,0
HLA-C14:46,0
HLA-C14:48,0
HLA-C14:49,0
HLA-C14:50,0
HLA-C14:51,0
HLA-C14:52,0
HLA-C14:53,0
HLA-C14:54,0
HLA-C14:55,0.03
HLA-C14:56,0
HLA-C14:57,0
HLA-C14:58,0
HLA-C14:59,0
HLA-C14:60,0
HLA-C14:61,0
HLA-C14:62,0
HLA-C14:63,0
HLA-C14:64,0
HLA-C14:65,0
HLA-C14:66,0
HLA-C14:67,0
HLA-C14:68,0
HLA-C14:69,0
HLA-C14:70,0
HLA-C14:71,0
HLA-C14:72,0
HLA-C14:73,0
HLA-C14:74,0
HLA-C14:75,0
HLA-C14:76,0
HLA-C14:77,0
HLA-C14:78,0
HLA-C14:79,0
HLA-C14:80,0
HLA-C14:81,0
HLA-C14:82,0
HLA-C14:83,0
HLA-C14:84,0
HLA-C14:85,0
HLA-C14:86,0
HLA-C14:87,0
HLA-C14:88,0
HLA-C14:89,0
HLA-C14:90,0
HLA-C14:91,0
HLA-C14:92,0
HLA-C14:94,0
HLA-C14:95,0
HLA-C14:96,0
HLA-C14:98,0
HLA-C15:02,2.612
HLA-C15:03,0.001
HLA-C15:04,0.029
HLA-C15:05,0.536
HLA-C15:06,0.017
HLA-C15:07,0.002
HLA-C15:08,0.004
HLA-C15:09,0.025
HLA-C15:10,0.001
HLA-C15:100,0
HLA-C15:101,0
HLA-C15:102,0
HLA-C15:103,0
HLA-C15:104,0
HLA-C15:106,0
HLA-C15:107,0
HLA-C15:108,0
HLA-C15:109,0
HLA-C15:11,0.006
HLA-C15:110,0
HLA-C15:111,0
HLA-C15:112,0
HLA-C15:113,0
HLA-C15:114,0
HLA-C15:116,0
HLA-C15:117,0
HLA-C15:118,0
HLA-C15:119,0
HLA-C15:12,0.004
HLA-C15:120,0
HLA-C15:121,0
HLA-C15:123,0
HLA-C15:124,0
HLA-C15:125,0
HLA-C15:126,0
HLA-C15:127,0
HLA-C15:128,0
HLA-C15:129,0
HLA-C15:13,0.081
HLA-C15:130,0
HLA-C15:131,0
HLA-C15:132,0
HLA-C15:133,0
HLA-C15:134,0
HLA-C15:135,0
HLA-C15:136,0
HLA-C15:137,0
HLA-C15:138,0
HLA-C15:139,0
HLA-C15:140,0
HLA-C15:141,0
HLA-C15:142,0
HLA-C15:143,0
HLA-C15:144,0
HLA-C15:146,0
HLA-C15:147,0
HLA-C15:148,0
HLA-C15:149,0
HLA-C15:15,0
HLA-C15:150,0
HLA-C15:151,0
HLA-C15:152,0
HLA-C15:153,0
HLA-C15:154,0
HLA-C15:155,0
HLA-C15:157,0
HLA-C15:158,0
HLA-C15:159,0
HLA-C15:16,0
HLA-C15:161,0
HLA-C15:162,0
HLA-C15:163,0
HLA-C15:165,0
HLA-C15:166,0
HLA-C15:167,0
HLA-C15:168,0
HLA-C15:169,0
HLA-C15:17,0
HLA-C15:170,0
HLA-C15:171,0
HLA-C15:172,0
HLA-C15:173,0
HLA-C15:174,0
HLA-C15:175,0
HLA-C15:176,0
HLA-C15:178,0
HLA-C15:179,0
HLA-C15:18,0.002
HLA-C15:180,0
HLA-C15:181,0
HLA-C15:182,0
HLA-C15:183,0
HLA-C15:19,0.001
HLA-C15:20,0
HLA-C15:21,0.002
HLA-C15:22,0.002
HLA-C15:23,0
HLA-C15:24,0.001
HLA-C15:25,0
HLA-C15:26,0
HLA-C15:27,0.02
HLA-C15:28,0
HLA-C15:29,0.026
HLA-C15:30,0
HLA-C15:31,0
HLA-C15:33,0
HLA-C15:34,0
HLA-C15:35,0
HLA-C15:36,0.001
HLA-C15:37,0
HLA-C15:38,0
HLA-C15:39,0
HLA-C15:40,0
HLA-C15:41,0
HLA-C15:42,0
HLA-C15:43,0
HLA-C15:44,0
HLA-C15:45,0.002
HLA-C15:46,0
HLA-C15:47,0
HLA-C15:48,0.001
HLA-C15:49,0
HLA-C15:50,0
HLA-C15:51,0
HLA-C15:52,0
HLA-C15:53,0
HLA-C15:54,0
HLA-C15:55,0
HLA-C15:56,0
HLA-C15:57,0
HLA-C15:58,0
HLA-C15:59,0
HLA-C15:60,0
HLA-C15:61,0
HLA-C15:62,0.002
HLA-C15:63,0
HLA-C15:64,0.1
HLA-C15:65,0
HLA-C15:66,0
HLA-C15:67,0
HLA-C15:68,0
HLA-C15:69,0
HLA-C15:70,0
HLA-C15:71,0
HLA-C15:72,0
HLA-C15:73,0
HLA-C15:74,0
HLA-C15:75,0
HLA-C15:76,0.034
HLA-C15:77,0
HLA-C15:78,0
HLA-C15:79,0
HLA-C15:80,0
HLA-C15:81,0
HLA-C15:82,0
HLA-C15:83,0
HLA-C15:85,0
HLA-C15:86,0
HLA-C15:87,0
HLA-C15:88,0
HLA-C15:89,0
HLA-C15:90,0
HLA-C15:91,0
HLA-C15:93,0
HLA-C15:94,0
HLA-C15:97,0
HLA-C15:98,0
HLA-C15:99,0
HLA-C16:01,3.108
HLA-C16:02,0.448
HLA-C16:04,0.118
HLA-C16:06,0.01
HLA-C16:07,0
HLA-C16:08,0
HLA-C16:09,0.001
HLA-C16:10,0.01
HLA-C16:100,0
HLA-C16:101,0
HLA-C16:102,0
HLA-C16:103,0
HLA-C16:104,0
HLA-C16:105,0
HLA-C16:106,0
HLA-C16:107,0
HLA-C16:108,0
HLA-C16:109,0
HLA-C16:11,0
HLA-C16:110,0
HLA-C16:111,0
HLA-C16:112,0
HLA-C16:113,0
HLA-C16:114,0
HLA-C16:115,0
HLA-C16:116,0
HLA-C16:117,0
HLA-C16:118,0
HLA-C16:119,0
HLA-C16:12,0.02
HLA-C16:120,0
HLA-C16:121,0
HLA-C16:122,0
HLA-C16:124,0
HLA-C16:125,0
HLA-C16:126,0
HLA-C16:127,0
HLA-C16:128,0
HLA-C16:129,0
HLA-C16:13,0
HLA-C16:130,0
HLA-C16:131,0
HLA-C16:133,0
HLA-C16:134,0
HLA-C16:135,0
HLA-C16:136,0
HLA-C16:137,0
HLA-C16:138,0
HLA-C16:139,0
HLA-C16:14,0.001
HLA-C16:140,0
HLA-C16:141,0
HLA-C16:142,0
HLA-C16:143,0
HLA-C16:144,0
HLA-C16:145,0
HLA-C16:146,0
HLA-C16:15,0
HLA-C16:17,0
HLA-C16:18,0
HLA-C16:19,0.001
HLA-C16:20,0
HLA-C16:21,0
HLA-C16:22,0.001
HLA-C16:23,0
HLA-C16:24,0
HLA-C16:25,0
HLA-C16:26,0
HLA-C16:27,0
HLA-C16:28,0
HLA-C16:29,0
HLA-C16:31,0
HLA-C16:32,0
HLA-C16:33,0
HLA-C16:34,0
HLA-C16:35,0
HLA-C16:36,0
HLA-C16:37,0
HLA-C16:38,0
HLA-C16:39,0
HLA-C16:40,0
HLA-C16:41,0
HLA-C16:42,0
HLA-C16:43,0
HLA-C16:44,0
HLA-C16:45,0
HLA-C16:46,0
HLA-C16:47,0
HLA-C16:48,0
HLA-C16:49,0
HLA-C16:50,0
HLA-C16:51,0
HLA-C16:52,0
HLA-C16:53,0
HLA-C16:54,0
HLA-C16:55,0
HLA-C16:56,0
HLA-C16:57,0
HLA-C16:58,0
HLA-C16:59,0
HLA-C16:60,0
HLA-C16:61,0
HLA-C16:62,0
HLA-C16:63,0
HLA-C16:64,0
HLA-C16:65,0
HLA-C16:66,0
HLA-C16:67,0
HLA-C16:68,0
HLA-C16:69,0
HLA-C16:70,0
HLA-C16:71,0
HLA-C16:72,0
HLA-C16:73,0
HLA-C16:74,0
HLA-C16:75,0
HLA-C16:76,0
HLA-C16:78,0
HLA-C16:79,0
HLA-C16:80,0
HLA-C16:81,0
HLA-C16:82,0
HLA-C16:83,0
HLA-C16:84,0
HLA-C16:85,0.002
HLA-C16:86,0
HLA-C16:87,0
HLA-C16:88,0
HLA-C16:90,0
HLA-C16:91,0
HLA-C16:92,0
HLA-C16:93,0
HLA-C16:94,0
HLA-C16:95,0
HLA-C16:96,0
HLA-C16:97,0
HLA-C16:98,0
HLA-C16:99,0
HLA-C17:01,1.394
HLA-C17:02,0.052
HLA-C17:03,1.144
HLA-C17:04,0.001
HLA-C17:05,0
HLA-C17:06,0
HLA-C17:07,0
HLA-C17:08,0
HLA-C17:09,0
HLA-C17:10,0
HLA-C17:11,0
HLA-C17:12,0
HLA-C17:13,0
HLA-C17:14,0
HLA-C17:15,0
HLA-C17:16,0
HLA-C17:17,0
HLA-C17:18,0
HLA-C17:19,0
HLA-C17:20,0
HLA-C17:21,0
HLA-C17:22,0
HLA-C17:23,0
HLA-C17:24,0
HLA-C17:25,0
HLA-C17:26,0
HLA-C17:28,0.002
HLA-C17:29,0
HLA-C17:30,0
HLA-C17:31,0
HLA-C17:32,0
HLA-C17:33,0
HLA-C17:34,0
HLA-C17:35,0
HLA-C17:36,0
HLA-C17:37,0
HLA-C17:38,0.032
HLA-C17:39,0
HLA-C17:40,0
HLA-C17:41,0
HLA-C18:01,0.287
HLA-C18:02,0.053
HLA-C18:03,0.001
HLA-C18:04,0.32
HLA-C18:05,0
HLA-C18:06,0.002
HLA-C18:08,0
HLA-C18:09,0
HLA-C18:10,0
HLA-C18:11,0
HLA-C18:12,0
HLA-E01:01,49.75
HLA-E01:03,36.099
HLA-G01:01,73.983
HLA-G01:02,1.3
HLA-G01:03,12.981
HLA-G01:04,15.333
HLA-G01:05,4.532
HLA-G01:06,4.903
HLA-G01:07,0
HLA-G01:08,0
HLA-G01:09,0